x,y,z,v_x,v_y,v_z,a_x,a_y,a_z,t,cl,cd_total,drag,Thrust_N,LIFT_x,LIFT_y,LIFT_z,THRUST_x,THRUST_y,THRUST_z,DRAG_x,DRAG_y,DRAG_z,Corriente_real
3.25852057273664,0,5.86815740112003e-18,32.3974154689958,0,1.17367871486481e-16,-3.66218614423949,0,-2.10001073783488e-17,0.1,0.085972845910225,0.0508013142757593,46.3737951460255,17.0763059921096,0,0,78.48,17.0763059921096,0,0,-46.3737951460255,-0,-1.68000859026791e-16,28.9652793759308
6.48040072029382,0,2.04351918828856e-17,32.0445971673365,0,2.03593268365049e-16,-3.39773350898394,0,-3.60399027739343e-17,0.2,0.087876429144585,0.0508134177048228,45.3800531074518,18.1981850355803,0,0,78.48,18.1981850355803,0,0,-45.3800531074518,-0,-2.88319222191475e-16,30.1969908462283
9.66828657503013,0,4.65110958906052e-17,31.7171900945062,0,3.47032848864992e-16,-3.15364116442419,0,-6.08189783179581e-17,0.3,0.0897000373172124,0.0508261081518605,44.4685764583579,19.2394471429643,0,0,78.48,19.2394471429643,0,0,-44.4685764583579,-0,-4.86551826543665e-16,31.3377982169203
12.8246201031053,0,8.09130052141331e-17,31.4132361832136,0,3.41032162014902e-16,-2.92840550738454,0,-5.92098720502767e-17,0.4,0.0914443073625013,0.0508392495540985,43.6316313183841,20.2043872593077,0,0,78.48,20.2043872593077,0,0,-43.6316313183841,-0,-4.73678976402214e-16,32.3432271946385
15.9516553919342,0,1.17657749551493e-16,31.130941022551,0,3.9389250672009e-16,-2.72021816530697,0,-6.77908531337359e-17,0.5,0.0931102594004985,0.0508527166016852,42.8623142561977,21.100568933742,0,0,78.48,21.100568933742,0,0,-42.8623142561977,-0,-5.42326825069887e-16,33.2770126280711
19.0514754922038,0,1.56710908959719e-16,30.8686717286078,0,3.87198947797816e-16,-2.52766376705379,0,1.71026162154463e-15,0.6,0.0946991649283562,0.0508663943879757,42.1544860990954,21.933175962665,0,0,78.48,21.933175962665,0,0,-42.1544860990954,-0,-5.28761742844954e-16,34.1445558255738
22.1260070141825,0,2.00974107078974e-16,30.6249303102037,0,4.68490134037881e-16,-2.34945103864508,0,-7.93617365792483e-17,0.7,0.0962125700459064,0.0508801789838443,41.5026481960399,22.7070398868793,0,0,78.48,22.7070398868793,0,0,-41.5026481960399,-0,-6.34893892633986e-16,34.9627413526551
25.1770332563834,0,2.47429491226675e-16,30.3983482058117,0,4.60648965122581e-16,-2.1843070696824,0,-7.74771161382591e-17,0.8,0.0976522070051108,0.0508939768932129,40.901884648345,23.4274280908858,0,0,78.48,23.4274280908858,0,0,-40.901884648345,-0,-6.19816929106073e-16,35.7207883259057
28.2062058121087,0,2.96045810425596e-16,30.187648981494,0,5.41317443164057e-16,-2.03161278910079,0,-1.86679502010866e-15,0.9,0.0990201206365048,0.0509077063876783,40.3477270237955,24.0948247109892,0,0,78.48,24.0948247109892,0,0,-40.3477270237955,-0,-7.2350544566725e-16,36.3898793902271
31.2150529674782,0,3.49753261718801e-16,29.9916543810492,0,5.91586097539138e-16,-1.89006208755048,0,-9.82211030025794e-17,1,0.100318536666715,0.0509212963475053,39.8361406589194,24.7156439585156,0,0,78.48,24.7156439585156,0,0,-39.8361406589194,-0,-7.85768824020635e-16,37.0122748273127
34.2049909564768,0,4.08424430525617e-16,29.8092944084285,0,6.11479477602633e-16,-1.7587811232107,0,1.67542360863139e-15,1.1,0.101549699194622,0.0509346843549131,39.3635240663055,25.2932750806199,0,0,78.48,25.2932750806199,0,0,-39.3635240663055,-0,-8.07465846150905e-16,37.5913724892309
37.1773332523219,0,4.74944053649222e-16,29.6395825730907,0,7.18953419046948e-16,-1.63697228068658,0,1.65832874623898e-15,1.2,0.102715945444974,0.0509478170937894,38.9266210635483,25.8308428180557,0,0,78.48,25.8308428180557,0,0,-38.9266210635483,-0,-9.44224745290154e-16,38.1303050500972
40.1332985499374,0,5.52126386482267e-16,29.4816087749197,0,8.24738948393826e-16,-1.52389949350055,0,1.64165001035826e-15,1.3,0.103819677733117,0.050960649706,38.5224831771092,26.3312872291048,0,0,78.48,26.3312872291048,0,0,-38.5224831771092,-0,-1.07765463233593e-15,38.6315888670259
43.074018171747,0,6.39804616970263e-16,29.3345348813877,0,8.99270375514053e-16,-1.41887335595175,0,-1.46183345350066e-16,1.4,0.104863324180751,0.0509731449436366,38.1484417591153,26.7974549115013,0,0,78.48,26.7974549115013,0,0,-38.1484417591153,-0,-1.16946676280053e-15,39.0966342975846
46.0005428439105,0,7.34902947402612e-16,29.1975852250045,0,1.00227081336997e-15,-1.3213171159406,0,1.61415202547395e-15,1.5,0.105849342430651,0.0509852727815005,37.8020695831315,27.2315326556066,0,0,78.48,27.2315326556066,0,0,-37.8020695831315,-0,-1.2976385114104e-15,39.5296670431529
48.9138485956804,0,8.34324682190963e-16,29.070041035884,0,9.86214324708595e-16,-1.23068365026625,0,1.61741119308636e-15,1.6,0.106780203521793,0.0509970097948566,37.4811547150076,27.6356855128776,0,0,78.48,27.6356855128776,0,0,-37.4811547150076,-0,-1.27156517051114e-15,39.9312187717039
51.8148419557565,0,9.38054239666093e-16,28.9512283027219,0,1.08795384240046e-15,-1.14659253501349,0,-1.74664892785119e-16,1.7,0.10765843089273,0.0510083392402557,37.183659750382,28.0109194702741,0,0,78.48,28.0109194702741,0,0,-37.183659750382,-0,-1.39731914228095e-15,40.2860308573787
54.7043644823276,0,1.04598201119099e-15,28.8405260218651,0,1.07065821720063e-15,-1.06839933991096,0,1.60508929567423e-15,1.8,0.108486495339356,0.0510192492979632,36.9077337449173,28.3605390256296,0,0,78.48,28.3605390256296,0,0,-36.9077337449173,-0,-1.37014034980813e-15,40.6166225887056
57.5831984677905,0,1.15513415627043e-15,28.737366359961,0,1.08283340762701e-15,-0.995670879644965,0,-1.726310338912e-16,1.9,0.109266769857205,0.051029731975501,36.6517045454075,28.6863375082478,0,0,78.48,28.6863375082478,0,0,-36.6517045454075,-0,-1.3810482711296e-15,40.9246896941709
60.4520715286636,0,1.26845744858242e-15,28.6412230609101,0,1.18322003433504e-15,-0.928008263189887,0,-1.8804113728381e-16,2,0.110001577852705,0.0510397832672805,36.4140430438168,28.9899769382977,0,0,78.48,28.9899769382977,0,0,-36.4140430438168,-0,-1.50432909827048e-15,41.2118037395431
63.3116605970109,0,1.38584513403594e-15,28.5516081702462,0,1.1941980402318e-15,-0.865043871319315,0,-1.8922763735592e-16,2.1,0.110693185107336,0.0510494026301583,36.1933493424187,29.2729983718642,0,0,78.48,29.2729983718642,0,0,-36.1933493424187,-0,-1.51382109884736e-15,41.4794219099003
66.1625955988962,0,1.5043246483898e-15,28.4680690462993,0,1.17545028959093e-15,-0.806438637265109,0,-1.85745409714208e-16,2.2,0.111343793309677,0.0510585924991315,35.9883404384031,29.5368313402822,0,0,78.48,29.5368313402822,0,0,-35.9883404384031,-0,-1.48596327771366e-15,41.7288959352356
69.0054628470889,0,1.61800938827435e-15,28.3901856295973,0,1.12790306594297e-15,-0.751879595909282,0,1.59858196870618e-15,2.3,0.11195553498563,0.0510673578437274,35.7978392411788,29.7828024739045,0,0,78.48,29.7828024739045,0,0,-35.7978392411788,-0,-1.42219896555258e-15,41.9614802448802
71.8408081824008,0,1.73285366091441e-15,28.3175682768142,0,1.13942967839146e-15,-0.701069629007849,0,-1.79161559083626e-16,2.4,0.112530467031029,0.0510757057262233,35.6207655682148,30.012208536152,0,0,78.48,30.012208536152,0,0,-35.6207655682148,-0,-1.43329247266901e-15,42.1775682934532
74.6691399158255,0,1.84590616905722e-15,28.2498554177628,0,1.12167359418219e-15,-0.653748526983393,0,1.60038159517312e-15,2.5,0.113070568319795,0.051083644940571,35.4561272178035,30.2261390019364,0,0,78.48,30.2261390019364,0,0,-35.4561272178035,-0,-1.40780195381701e-15,42.3788499092212
77.490931464142,0,1.96013642909006e-15,28.1867104826426,0,1.13337726998902e-15,-0.609671506798652,0,-1.77440130924704e-16,2.6,0.113577745712328,0.0510911858011755,35.3030097272044,30.4256376728152,0,0,78.48,30.4256376728152,0,0,-35.3030097272044,-0,-1.41952104739763e-15,42.5665530242068
80.3066237879598,0,2.07259214699331e-15,28.1278206510054,0,1.11578866219626e-15,-0.568609760980267,0,-1.74345921223657e-16,2.7,0.114053827821568,0.0510983397775897,35.1605709544359,30.6116928665938,0,0,78.48,30.6116928665938,0,0,-35.1605709544359,-0,-1.39476736978926e-15,42.7416075209494
83.1166276810376,0,2.18624182367082e-15,28.0728951235782,0,1.15725869633302e-15,-0.530351436140322,0,1.59586023525155e-15,2.8,0.114500564428989,0.0511051192327297,35.0280348169986,30.785223327876,0,0,78.48,30.785223327876,0,0,-35.0280348169986,-0,-1.44397283318959e-15,42.9048778223709
85.9213258899476,0,2.30400810477927e-15,28.0216634958473,0,1.16851250403597e-15,-0.494700274472974,0,-1.81942096045843e-16,2.9,0.11491962682354,0.051111537196916,34.9046855623125,30.9470833665287,0,0,78.48,30.9470833665287,0,0,-34.9046855623125,-0,-1.45553676836674e-15,43.0571677264237
88.7210750776827,0,2.42289239586133e-15,27.9738742613181,0,1.20922845124175e-15,-0.461474376539021,0,1.58837388753852e-15,3,0.115312608647586,0.0511176071706677,34.7898625987591,31.0980675864469,0,0,78.48,31.0980675864469,0,0,-34.7898625987591,-0,-1.50386361489381e-15,43.1992248552631
91.5162076435896,0,2.54875602283331e-15,27.92929343295,0,1.2784945493364e-15,-0.430505073065715,0,-1.9845637199976e-16,3.1,0.115681027165108,0.0511233429538019,34.6829558254867,31.238915240961,0,0,78.48,31.238915240961,0,0,-34.6829558254867,-0,-1.58765097599808e-15,43.3343339922937
94.3070334109184,0,2.67855640278569e-15,27.8877032724191,0,1.31757202872831e-15,-0.401635894890241,0,-2.04239310721643e-16,3.2,0.116026324876778,0.0511287584984396,34.5834014066979,31.370314247576,0,0,78.48,31.370314247576,0,0,-34.5834014066979,-0,-1.63391448577314e-15,43.4680476923161
97.0938411922977,0,2.81519636520072e-15,27.8489011178856,0,1.38522314531277e-15,-0.374721631399233,0,-2.14448701142188e-16,3.3,0.116349871415254,0.0511338677835996,34.4906779426898,31.4929048914959,0,0,78.48,31.4929048914959,0,0,-34.4906779426898,-0,-1.7155896091375e-15,43.5927978636374
99.8769002425572,0,2.95559007316821e-15,27.8126983018543,0,1.45231962252722e-15,-0.349627468887977,0,-2.24564890277893e-16,3.4,0.116652965662096,0.0511386847091727,34.4043029956155,31.6072832445117,0,0,78.48,31.6072832445117,0,0,-34.4043029956155,-0,-1.79651912222315e-15,43.7091910783062
102.656461607522,0,3.10266599423939e-15,27.7789191515242,0,1.51840902722816e-15,-0.326228201202082,0,-2.34519623202666e-16,3.5,0.116936838035049,0.051143223007196,34.3238299328886,31.7140043232719,0,0,78.48,31.7140043232719,0,0,-34.3238299328886,-0,-1.87615698562133e-15,43.8177921300114
105.43274873141,0.00515340156703573,3.25334049034633e-15,27.7471229012473,0.103049015762185,1.52475079495402e-15,-0.309131679269237,1.02993158587662,1.54105777940798e-15,3.6,0.117848966776715,0.0511579811375112,34.2556540163755,31.8132176254264,-0.0306338870233196,8.24852349881518,78.48,31.8129982313544,0.118149120122209,0,-34.255417778485,-0.127219931924425,-1.88239247993812e-15,43.9163976412505
108.205890551081,0.0258746633646214,3.41054326405944e-15,27.7157926281656,0.311339487600553,1.58930590313488e-15,-0.311045838587862,2.08181735932404,-2.02153308883371e-15,3.7,0.120079324099852,0.0511951977200693,34.20704746788,31.9059111768907,-0.187375590446257,16.6803865710526,78.48,31.9038983155302,0.358385686023857,0,-34.2048894337868,-0.384233382484128,-1.96140999546767e-15,44.0056676902067
110.975799349168,0.0729225654445011,3.56825320917381e-15,27.682095477985,0.629559396950993,1.56495941878819e-15,-0.34571117157209,3.18042409536061,1.53487763327238e-15,3.8,0.123752282004837,0.0512599808469568,34.1804591450822,31.9939808985755,-0.579776352202521,25.4931058376781,78.48,31.9857101398276,0.727434250873743,0,-34.1716231602018,-0.777147325666952,-1.93183364902299e-15,44.0904846838613
113.742022719831,0.157669841832502,3.72944435903394e-15,27.6415346059271,1.06528889258895,1.65847515539732e-15,-0.430815809339243,4.35433244508191,-2.56165595820133e-16,3.9,0.12908714529744,0.0513618219320382,34.1811174032354,32.0786595296882,-1.34562824108948,34.9156269738192,78.48,32.0548630205201,1.23537603884386,0,-34.1557612541445,-1.31634345200784,-2.04932476656106e-15,44.1720358319784
116.503548424279,0.292427433496729,3.89695196895522e-15,27.5873528540808,1.62969261309982,1.69174994444757e-15,-0.590679011835267,5.63878638505032,1.51451400006162e-15,4,0.136432680665953,0.0515170590342098,34.2185035300463,32.1614984723628,-2.67200686230228,45.2315949235466,78.48,32.1055275128883,1.89659882604789,0,-34.1589527452681,-2.01790266919193,-2.09474271470908e-15,44.2518152378942
119.258529359634,0.490860467544989,4.06777966683132e-15,27.5095157706179,2.33865487849373,1.7540212086078e-15,-0.860894296771876,7.07990427822892,1.50389231420502e-15,4.1,0.146329227118463,0.0517537109881069,34.3092928801483,32.2446332343764,-4.82991532079177,56.8141254209034,78.48,32.1287428082225,2.73134728340142,0,-34.1859818616057,-2.90623847847346,-2.17971620156188e-15,44.3318795374887
122.00387040268,0.768554432201632,4.2388800938091e-15,27.3929392894383,3.21463366698725,1.66805832218551e-15,-1.29668028539167,8.74140905316725,-2.60688372068919e-16,4.2,0.159621419056985,0.0521212414136368,34.4833237752976,32.3312687492252,-8.23605459878958,70.1821004980471,78.48,32.1109148099726,3.76830054551266,0,-34.2483024943164,-4.01912861822176,-2.08550697655135e-15,44.4153152946663
124.73456799053,1.14383091085021,4.41027335286252e-15,27.2142622149693,4.28976468962972,1.75941185405809e-15,-1.98905301408663,10.7161006002581,-2.77770538917098e-16,4.3,0.177671994753001,0.0527115290083525,34.7964336784646,32.4266403104868,-13.5715343339062,86.0977975533262,78.48,32.0311431900608,5.04904622315023,0,-34.3720329688476,-5.41803897441124,-2.22216431133679e-15,44.5071644449939
127.442580528256,1.63899426240258,4.58776861650909e-15,26.9355702888529,5.61129484481542,1.7900970124074e-15,-3.09886144126948,13.1466206669024,1.48878011758327e-15,4.4,0.202796673829227,0.0537079934211749,35.3605009076824,32.5400925310808,-22.0297611562143,105.748171792852,78.48,31.8561800857729,6.63637041417263,0,-34.6173104597144,-7.21157687180505,-2.30061377453588e-15,44.6164264716034
130.114731956104,2.28236718331992,4.76823818118316e-15,26.4910428837119,7.25170116872246,1.78977408347207e-15,-4.93617560799434,16.2653039885422,-2.96677896308955e-16,4.5,0.239238970734055,0.055514949641129,36.4222704559197,32.6901013799344,-35.8896715794336,131.107828423479,78.48,31.5300943125946,8.63109963268172,0,-35.1298275971157,-9.61649614782275,-2.37342317047164e-15,44.760894960182
132.737533468288,3.0883433761217,4.94867686624599e-15,25.948810740489,8.86236436070081,1.8190889989869e-15,-5.9057370914832,15.9380683759106,-2.07763581733538e-15,4.6,0.24002815084671,0.0555588161710965,36.3312043002177,32.8307898019696,-43.9333498732683,128.635889116968,78.48,31.0687557951183,10.610992996153,0,-34.3813026537156,-11.7423351058367,-2.41023182348104e-15,44.8963872584514
135.301292724723,4.05365100226832,5.12908787032212e-15,25.310502074785,10.4373443831307,1.84843335978228e-15,-6.85705453008325,15.5517698373726,1.47046257178502e-15,4.7,0.240771909201498,0.0556003417003973,36.2460457377977,32.9627471814184,-51.8210911620882,125.665849421275,78.48,30.473409582946,12.5663841313291,0,-33.5087546615238,-13.818074853623,-2.44715414092183e-15,45.023470982588
137.796499796054,5.17442782866578,5.31534682756083e-15,24.5781362831026,11.9707780805977,1.84722709106573e-15,-7.7862358748395,15.1073176928125,1.47089040249389e-15,4.8,0.241472708060727,0.0556396318822168,36.1663920132808,33.086524429113,-59.5209755045956,122.207138396173,78.48,29.7459677105446,14.4877708347949,0,-32.514879204665,-15.8363676884679,-2.44373149525091e-15,45.1426766963277
140.213866067293,6.44623031743737,5.50444786544685e-15,23.7541193167187,13.4569071417534,1.93439124697464e-15,-8.68944540590309,14.605898694962,-3.19657278739397e-16,4.9,0.242132894200331,0.0556767899372543,36.0918700344825,33.2026366330466,-67.001694785354,118.271315609028,78.48,28.8889913329463,16.3658565052696,0,-31.402859794817,-17.7899825546018,-2.55725822991517e-15,45.254500463632
142.544362578584,7.86404548891172,5.69632227243941e-15,22.8412370581795,14.8901055795259,1.90269452479531e-15,-9.56292345611545,14.0489715495298,1.46214226239451e-15,5,0.242754702119858,0.0557119163883857,36.0221339482169,33.3115655106127,-74.2326970277874,113.872024184963,78.48,27.9056705214211,18.1915900766737,0,-30.1763611425573,-19.6718418653983,-2.51371661604592e-15,45.3594062103584
144.779257606042,9.4223055031673,5.89092653665521e-15,21.8426467586272,16.2649066024559,1.98899087758102e-15,-10.4030053762038,13.4382602889668,-3.28265744938067e-16,5.1,0.243340257346308,0.0557451088438923,35.9568629521304,33.4137635963768,-81.1843266433768,109.024934338258,78.48,26.7998033739678,19.9562054707607,0,-28.8395197402216,-21.4750574972842,-2.62612595950453e-15,45.4577455708444
146.910153293819,11.1149048946057,6.08819360571602e-15,20.7618666399858,17.5760287886233,1.98604893504181e-15,-11.2061397094548,12.7757466483518,-2.10395050206954e-15,5.2,0.243891578744265,0.0557764617637749,35.8957594334239,33.5096604932631,-87.8279600228276,103.747677748606,78.48,25.5757742815016,21.6512613091118,0,-27.3969319343127,-23.1929658709032,-2.62074930135434e-15,45.5495741768336
148.929021149721,12.9352203783803,6.28813020184165e-15,19.602763528464,18.8184012886837,2.07150289557082e-15,-11.9689083914488,12.0636588874415,-3.4150725969421e-16,5.3,0.244410584297186,0.0558060664596345,35.8385469135556,33.5996397048252,-94.1361359216561,98.0597731678975,78.48,24.2385079787075,23.2686595931137,0,-25.8536391886418,-24.8191616614794,-2.73205807755368e-15,45.6357361469707
150.828236216298,14.8761331278897,6.49654318423189e-15,18.369538834064,19.9871880949564,2.09636462109271e-15,-12.6880406998455,11.3044637128432,-3.45433973080923e-16,5.4,0.244899095297738,0.0558340110390192,35.784968343921,33.6840706696422,-100.082680144422,91.9825436433959,78.48,22.7934656738268,24.8006963501739,0,-24.2151111281682,-26.3475302908241,-2.76347178464738e-15,45.7165852469229
152.60060976291,16.9300534312082,6.70446219835921e-15,17.066712935344,21.0778112843648,2.09171819905938e-15,-13.3604306000778,10.5008541247873,-3.44507909518908e-16,5.5,0.24535883901533,0.0558603802930718,35.734784717712,33.7632992619916,-105.642823983248,85.5390258352556,78.48,21.246605610578,26.2400862628794,0,-22.4872264279525,-27.7722790998365,-2.75606327615126e-15,45.7924526777383
154.23942033334,19.0889476107936,6.91781797310238e-15,15.6991079401878,22.0859730368476,2.1750100198646e-15,-13.9831519981801,9.6557370376629,-3.58070138633484e-16,5.6,0.245791452507085,0.0558852556766508,35.6877736859229,33.8376493531352,-110.793315961801,78.7538718933149,78.48,19.6043514151093,27.5799912860507,0,-20.6762514387497,-29.0879668780624,-2.86456110906787e-15,45.8636485708962
155.738442994806,21.3443670815597,7.13647489412428e-15,14.2718289689906,23.0076763687216,2.22783805605002e-15,-14.5534730309942,8.77221997008022,-3.66617701479706e-16,5.7,0.246198486409028,0.0559087153125099,35.6437282919452,33.907424262488,-115.512526461668,71.653244381831,78.48,17.8735589980005,28.8140470753651,0,-18.7888167842854,-30.2895316965544,-2.93294161183765e-15,45.9304633779122
157.091976645517,23.6874794142733,7.36039645934119e-15,12.7902440590455,23.8392444914588,2.25020810837037e-15,-15.0688693440903,7.85359687509569,-3.70157713864959e-16,5.8,0.246581408685949,0.0559308340159206,35.6024558133655,33.9729081071783,-119.78054483696,64.264704765221,78.48,16.0614821499008,29.9363871635707,0,-16.8318920656628,-31.3723169280262,-2.96126171091968e-15,45.9931691626454
158.294869248001,26.1091012626378,7.58357681505163e-15,11.2599627936417,24.5773387135237,2.21350168883644e-15,-15.5270363125881,6.9033331834785,-3.63989509243639e-16,5.9,0.246941608322036,0.0559516833365061,35.5637767007867,34.0343670577717,-123.579268657919,56.6170959867596,78.48,14.1757369711047,30.9416648283377,0,-14.8127588138909,-32.3320953472693,-2.91191607394911e-15,46.0520208037494
159.342540866075,28.5997330045602,7.8001565854994e-15,9.68681376362055,25.2189748102977,2.1186812094927e-15,-15.9259001649522,5.92505013482769,-3.48280689912175e-16,5.99999999999999,0.24728039893754,0.0559713316144164,35.5275236045613,34.0920505072649,-126.892484759887,48.7404196890216,78.48,12.2242652768134,31.8250726037191,0,-12.7389818365447,-33.1650912141192,-2.7862455192974e-15,46.1072571140744
160.2310043942,31.1495949409739,8.01618985884633e-15,8.07682097288382,25.7615377946869,2.20159802065755e-15,-16.2636279747622,4.92250847297537,-3.61797706479038e-16,6.09999999999999,0.247599022319519,0.0559898440482985,35.4935404812709,34.1461921598586,-129.705941810069,40.6657086396255,78.48,10.2152971210095,32.582359395039,0,-10.6183791090379,-33.8680002508616,-2.89438165183231e-15,46.1591018832491
160.956883879373,33.7486648892378,8.23751131859625e-15,6.43617930260074,26.2027950287201,2.22444467320452e-15,-16.5386364904042,3.89959158344,-3.6544499409521e-16,6.19999999999999,0.247898651857157,0.0560072827728183,35.4616817726263,34.1970110454714,-132.007414141121,32.4248949385273,78.48,8.15731258278164,33.2098451648134,0,-8.45899036489414,-34.4380074358207,-2.92355995276168e-15,46.2077648491558
161.517430347243,36.3867170025512,8.46403557910126e-15,4.77122915161725,26.5409076242748,2.30565903013089e-15,-16.7495997775835,2.8602881517327,1.39767351952322e-15,6.29999999999999,0.248180395874291,0.0560237069437616,35.4318116502116,34.2447124654649,-133.786756637519,24.0506745937244,78.48,6.05900295957647,33.7044331650632,0,-6.26904454272556,-34.872802544926,-3.02946655901626e-15,46.2534426035351
161.910535056071,39.0533616420343,8.69859132805283e-15,3.08843037283456,26.7744400889881,2.38556418090383e-15,-16.8954556545109,1.8086744220714,1.38465066591253e-15,6.39999999999999,0.248445300853607,0.0560391728289904,35.4038033201569,34.2894888746064,-135.035950497946,15.5763690607404,78.48,3.92923151221145,34.0636196991042,0,-4.05692625035285,-35.1705933832734,-3.13364938790177e-15,46.2963194365315
162.13474011418,41.738086124127,8.944033432e-15,1.39433562709098,26.9023681813943,2.46369167322098e-15,-16.9754109045513,0.74889613653107,-4.04437044537719e-16,6.49999999999999,0.248694354548585,0.0560537339037519,35.3775383824167,34.3315207038835,-135.749139734339,7.0357843476685,78.48,1.77699390655142,34.2855014036146,0,-1.83114140862298,-35.3301166590345,-3.23549635630175e-15,46.3365681246019
162.189246408773,44.4302961627658,9.19132789595937e-15,-0.304436722643549,26.9240849473412,2.48231269810013e-15,-16.9889452560389,-0.314849765145174,1.36895507081877e-15,6.59999999999999,0.248928488980624,0.0560674409490412,35.3529062398579,34.3709771284224,-135.922658305834,-1.5369317081552,78.48,-0.388621503486231,34.3687800494805,0,0.399717761009106,-35.3506464624867,-3.25921414865186e-15,46.3743506658559
162.073918806345,47.1193578234027,9.44636680458926e-15,-2.00123005316532,26.8394049177623,2.61809542486126e-15,-16.9358141238353,-1.37833360492287,1.3467611612452e-15,6.69999999999999,0.249148583319979,0.0560803421518942,35.3298035528323,34.4080167844205,-135.55504782337,-10.1074333836006,78.48,-2.55847340748581,34.3127648676138,0,2.62700824017334,-35.2320003233961,-3.43676542524044e-15,46.4098189665732
161.789288597252,49.7946398043388,9.71191303226272e-15,-3.68937713513202,26.6485664558794,2.6929508540201e-15,-16.8160501120422,-2.43731150522998,-4.41790767339003e-16,6.79999999999999,0.249355466650105,0.0560924832066509,35.3081337353237,34.4427884386999,-134.64706579823,-18.6413216250084,78.48,-4.72340714141862,34.1173724136171,0,4.84207204331188,-34.9745428304485,-3.53432613871202e-15,46.4431154823531
161.336553169425,52.4455558600521,9.97311442523956e-15,-5.36222787564005,26.3522322498656,2.56128559229318e-15,-16.6299632820469,-3.48754392787974,-4.20112289358476e-16,6.89999999999999,0.249549920615878,0.0561039074163717,35.2878064891414,34.4754316142101,-133.201684445051,-27.1042886090211,78.48,-6.87429401985989,33.7831239928251,0,7.03627220853589,-34.5791868068419,-3.36089831486781e-15,46.4743738170802
160.71757290852,55.0616071811941,1.02300903118613e-14,-7.01317702622277,25.9514879548768,2.57835108789203e-15,-16.378140194786,-4.52481413481524,1.35351918517964e-15,6.99999999999999,0.249732681956847,0.0561146557937134,35.2687373729611,34.5060771745485,-131.224080086818,-35.4622617068969,78.48,-9.00207025712317,33.3111406748811,0,9.20102878565331,-34.0473920465061,-3.38270123376486e-15,46.5037192826479
159.934865334101,57.6324245467132,1.04887593780119e-14,-8.63569173432854,25.4478389961411,2.56553987353152e-15,-16.061441740732,-5.54494649344278,1.35568899217959e-15,7.09999999999999,0.24990444492725,0.0561247671606875,35.2508474033185,34.5348478703402,-128.721613245962,-43.6815462564796,78.48,-11.0977753388535,32.703135934584,0,11.3278546589593,-33.3811616256466,-3.36534277776526e-15,46.531269422159
158.991596493505,60.1478100651144,1.07461581068142e-14,-10.2233388179156,24.8432055524549,2.58254960683374e-15,-15.6809997756413,-6.5438245506841,1.35296488745259e-15,7.19999999999999,0.250065863605041,0.0561342782468182,35.2340626849276,34.561858850099,-125.703799541703,-51.728966554334,78.48,-13.1525897079548,31.9614059632609,0,13.4083910445273,-32.5830358143997,-3.38713561558131e-15,46.5571344991134
157.891569647042,62.597778324177,1.10111411869696e-14,-11.7698116448267,24.1399157469393,2.71674623083817e-15,-15.238212584527,-7.51740880148429,-4.45328531633104e-16,7.29999999999999,0.250217554092509,0.0561432237853072,35.2183140679403,34.5872181379999,-122.182271549235,-59.5720044909428,78.48,-15.1578716314522,31.0888177023509,0,15.4344425044714,-31.6560836232824,-3.56262825306483e-15,46.5814179549126
156.639211289854,64.9725967715053,1.12776650536533e-14,-13.2689565010694,23.3406970792497,2.64345457994411e-15,-14.7347392006382,-8.46175407935753,-2.20961295784969e-15,7.39999999999999,0.250360096611417,0.056151636606886,35.2035368299778,34.6110270808112,-118.170731811053,-67.178935264265,78.48,-17.105193118006,30.0887946582173,0,17.3980113239527,-30.6038920288125,-3.46604894759554e-15,46.6042168368308
155.239554567221,67.2628251520647,1.15369195879506e-14,-14.7147983350168,22.4486661405704,2.57136022296121e-15,-14.1724926104098,-9.37302649862973,-4.21386691059244e-16,7.49999999999999,0.250494037495821,0.0561595477311041,35.1896703809613,34.633380766072,-113.684897224529,-74.5189596213488,78.48,-18.986374759317,28.965300564408,0,19.2913311005677,-29.4305529320972,-3.37109352847396e-15,46.6256221984523
153.698220151236,69.4593538333402,1.18007935103291e-14,-16.1015657678442,21.4673166596457,2.70575588142508e-15,-13.5536318794024,-10.2475198803409,1.33299842620266e-15,7.59999999999999,0.250619891085875,0.0561669864548585,35.1766579889454,34.6543684134472,-108.742435062794,-81.5623320940126,78.48,-20.7935193725828,27.7228209646304,0,21.1068994001578,-28.1406479133451,-3.54686730558072e-15,46.645719474423
152.021394657549,71.5534408539093,1.20721009871108e-14,-17.4237152642134,20.4005059347801,2.6909084273634e-15,-12.8805532381496,-11.0816715962918,1.33548038591606e-15,7.69999999999999,0.250738141526102,0.056173980438018,35.1644465253143,34.6740737410533,-103.362890917718,-88.280484712829,78.48,-22.5190443254876,26.3663427965792,0,22.8375093380088,-26.7392308540849,-3.52701162787353e-15,46.6645888312362
150.215806691308,73.536747537044,1.23478329999994e-14,-18.6759543612994,19.2524397131548,2.82337076576092e-15,-12.155880170574,-11.8720777684529,-4.62530668634492e-16,7.79999999999999,0.250849244471651,0.0561805557860426,35.152986227845,34.6925753084215,-97.567608884494,-94.646145703681,78.48,-24.1557124299356,24.9013320634208,0,24.4762799498378,-25.2318085073628,-3.70024534907593e-15,46.6823054956456
148.288700621345,75.4013725173967,1.26337670289e-14,-19.8532638586981,18.0276555849432,2.89495466007193e-15,-11.3824525512026,-12.6155077638891,-4.74211222029091e-16,7.89999999999999,0.250953628706124,0.0561867371295297,35.142230480271,34.7099468376451,-91.3796443366441,-100.633452692971,78.48,-25.6966612958541,23.3337096861665,0,26.0166852228776,-23.6243191043084,-3.79368977623273e-15,46.6989400621884
146.247808191216,77.1398840358679,1.29209044120953e-14,-20.9509188765493,16.7310049655361,2.87752791787368e-15,-10.5633148807991,-13.3089179284858,-4.71313278790919e-16,7.99999999999999,0.251051697674581,0.0561925477006546,35.1321356070948,34.7262575141484,-84.8236696682331,-106.218059971054,78.48,-27.1354310418975,21.6698256363398,0,27.4525816637377,-21.9231090931717,-3.77050623032735e-15,46.7145587811946
144.101318084686,78.7453503653632,1.32063135258554e-14,-21.9645086943303,15.3676337446943,2.83078248084403e-15,-9.70170367322845,-13.9494645060719,-4.63616797566662e-16,8.09999999999999,0.251143830935274,0.0561980094064973,35.1226606825041,34.7415722684166,-77.9258734065861,-111.377239388579,78.48,-28.465990265768,19.9164314542243,0,28.7782342865265,-20.1349081142207,-3.70893438053329e-15,46.7292238285651
141.857843571743,80.2113682382909,1.34870863626412e-14,-22.8899552882111,13.9429616866147,2.81440618267615e-15,-8.80103404935824,-14.5345156930289,-4.6089742753992e-16,8.19999999999999,0.251230385533684,0.0562031428992693,35.1137673523433,34.7559520399298,-70.7138531236809,-116.089974487044,78.48,-29.6827601831101,18.0806512635434,0,29.9883409119251,-18.2668023207306,-3.68717942031936e-15,46.7429935585082
139.526388369161,81.5320891552906,1.37721320416547e-14,-23.7235304905813,12.4626606697068,2.88615175168377e-15,-7.86488559658333,-15.0616627821212,-4.72610842936181e-16,8.29999999999999,0.251311697302332,0.0562079676434742,35.105419668175,34.7694540244613,-63.2165025976296,-120.337047492964,78.48,-30.780636850533,16.1699513986512,0,31.078054675496,-16.3262061626566,-3.78088674348945e-15,46.7559227403469
137.11631085695,82.7022434637926,1.40613576662217e-14,-24.4618717013477,10.9326318593099,2.8980042959072e-15,-6.89698755511525,-15.5287303530881,1.30183895362994e-15,8.39999999999999,0.251388082089784,0.0562125019800509,35.0975839325493,34.7821319058186,-55.4638936971332,-124.101118834413,78.48,-31.7550113952351,14.1921087651643,0,32.0430046514463,-14.3208327554557,-3.79614308616252e-15,46.7680627804289
134.637286798798,83.7171621045326,1.43546956076401e-14,-25.1019960868346,9.35898191063786,2.9387926162701e-15,-5.90120339450528,-15.9337854714772,-4.81164358229507e-16,8.49999999999999,0.251459836922204,0.0562167631875597,35.0902285546668,34.7940360730333,-47.4871534814255,-127.366798869374,78.48,-32.6017881809419,12.1551780594336,0,32.8793145063252,-12.2586629618774,-3.84931486583606e-15,46.7794619301019
132.099270720667,84.5727959340624,1.46491427760727e-14,-25.6413132085712,7.74799830288115,2.97940255711592e-15,-4.88151484595662,-16.275145861267,-4.87782742574342e-16,8.59999999999999,0.251527241100677,0.0562207675404825,35.083323915687,34.8052138239383,-39.3183370259472,-130.120711547063,78.48,-33.3174008473879,10.0674579762989,0,33.5836191056822,-10.1479133193714,-3.90226194059473e-15,46.790165480655
129.512456107174,85.2657325415563,1.49475937947592e-14,-26.077636030901,6.106123908638,2.98975410893844e-15,-3.84200545782175,-16.5513870210033,1.28690819761844e-15,8.69999999999999,0.251590557237476,0.0562245303647174,35.0768422429946,34.8157095560058,-30.9902964997298,-132.351549756166,78.48,-33.8988261683597,7.93745653817949,0,34.1530790055155,-7.99700295003985,-3.91558913425448e-15,46.8002159460599
126.889816052866,85.8104950739919,1.524422142446e-14,-26.3639452405583,4.78669268330461,2.94291941172201e-15,-2.52624093335876,-13.2643845439387,-4.64723701230973e-16,8.79999999999998,0.213824285415878,0.0542096145911573,33.8500722029474,34.7783883033581,-19.2965418271657,-106.280899919237,78.48,-34.2189533353523,6.21285164897199,0,33.3055676956479,-6.04702808124511,-3.71778960984779e-15,46.7644779950345
124.243435756145,86.2356053051503,1.55450624641087e-14,-26.5561767934532,3.71417422238618,3.01480533580566e-15,-1.69779115496141,-10.7636996455956,3.08622330261207e-15,8.89999999999998,0.187554192198252,0.0530791865351155,33.192929364617,34.717078416492,-12.0728702930577,-86.3206990854276,78.48,-34.3824295636738,4.80874942951548,0,32.8729706170403,-4.59764750885259,-3.73192300950744e-15,46.7057690938389
121.581003494385,86.5633721541084,1.58412904801985e-14,-26.6874124540862,2.84041019384561,2.9399247260651e-15,-1.16076175362828,-8.7593109217441,-4.49485405061365e-16,8.99999999999998,0.168579070265404,0.0524010451991321,32.8262922358782,34.6439371364589,-7.4786562094223,-70.2668451474342,78.48,-34.449368521061,3.66652271437745,0,32.6419307014571,-3.47416494089612,-3.59588324049092e-15,46.6357307296812
118.907539057725,86.8120686003605,1.61360247058098e-14,-26.7784663997614,2.1330896488333,2.95441655600304e-15,-0.808357542834282,-7.08556915257407,1.32791139700879e-15,9.09999999999998,0.154563163375975,0.0519746671732736,32.6202337708838,34.5656365495314,-4.52759936742053,-56.8390162944108,78.48,-34.4564933521316,2.74468503635911,0,32.5172323768779,-2.59022196254089,-3.58756353913166e-15,46.5607519349637
116.226352834702,86.9972268895488,1.64321847501512e-14,-26.8429933391356,1.56982963331439,2.96888974538029e-15,-0.577446547922204,-5.63971473294983,1.32768672471627e-15,9.19999999999998,0.144114176298654,0.0516980009773783,32.508386105571,34.4860252687443,-2.64530574292945,-45.2331643545577,78.48,-34.4272034156768,2.01335635496644,0,32.4529367752286,-1.89790986400747,-3.58936091747187e-15,46.484518050729
113.539621611489,87.1324699232036,1.67297869003971e-14,-26.8901705767648,1.13488905312438,3.01286791336317e-15,-0.428069227525007,-4.35351665516182,-4.54134766387135e-16,9.29999999999998,0.136361530613805,0.0515154719608703,32.4544794286065,34.4073996400526,-1.47337006658112,-34.9104698190244,78.48,-34.3767973129142,1.45084682069138,0,32.4256135592952,-1.36851024296154,-3.63307813109708e-15,46.4092280036866
110.848758298614,87.2300805941706,1.70288187948443e-14,-26.9261934649039,0.817243272963073,2.96787667851365e-15,-0.33326710634478,-3.17881649588159,-4.4671599433972e-16,9.39999999999998,0.13074524336394,0.0513953434358975,32.4377366428015,34.3311626470256,-0.773581980253648,-25.4879610167125,78.48,-34.3153610458129,1.04150131638748,0,32.4228061753083,-0.98407226672769,-3.57372795471776e-15,46.3362252578024
108.154665006513,87.3014159780325,1.73263250627717e-14,-26.9551403230002,0.6094200707714,2.98235384464289e-15,-0.273602877699552,-2.07952846277782,-4.48618391885535e-16,9.49999999999998,0.126903182049659,0.0513190215294754,32.4459470951494,34.2581898958356,-0.377042931452934,-16.6771773510833,78.48,-34.2494379528409,0.774322189810834,0,32.4376578626974,-0.733372540950039,-3.58894713508428e-15,46.2663482728888
105.457918458079,87.357227754001,1.76282065467748e-14,-26.9794748464576,0.506794756870785,3.05538514292062e-15,-0.233959453134773,-1.02686117543458,-4.59594360806728e-16,9.59999999999998,0.124608447411015,0.051275706772127,32.4719833651193,34.1890468128422,-0.154914804563917,-8.24712554462869,78.48,-34.1830167377141,0.642097095366393,0,32.4662559171998,-0.609860954214323,-3.67675488645383e-15,46.2001384878881
102.758916934096,87.4079270215735,1.79373354012858e-14,-27.0003203910516,0.507186175713023,3.12730430205014e-15,-0.20148021436104,0.00378316337370377,1.30572821008153e-15,9.69999999999998,0.123734549802832,0.0512596576420152,32.5120020087814,34.1241278421202,2.86365604865437e-16,1.52451136985996e-14,78.48,-34.1181092206805,0.64087767247959,0,32.5062675057922,-0.610612365489975,-3.7650290345498e-15,46.1379736131401
100.057899843496,87.45866413514,1.82536007174419e-14,-27.0198014926512,0.507551964411,3.19811746254621e-15,-0.188289918178191,0.00353539256740371,-4.81602076637295e-16,9.79999999999998,0.123556190534766,0.0512564123238389,32.5568732878909,34.0634581365798,0,0,78.48,-34.0574502193443,0.639738055311658,0,32.5511308739187,-0.611454914772429,-3.85281661309836e-15,46.0798777344783
97.3549991384916,87.5094366160671,1.85739542952657e-14,-27.0380070063816,0.507893792055938,3.23867854437724e-15,-0.175958908545166,0.00330376295039636,-4.88010021702751e-16,9.89999999999998,0.123389858284571,0.0512533950829423,32.5988416068413,34.0067609759827,0,0,78.48,-34.0007630622754,0.638673046736191,0,32.5930917939141,-0.61224294313302,-3.90408017362201e-15,46.025585871131
94.6503381753252,87.5602421471919,1.88953938394994e-14,-27.0550200588172,0.508213220131084,3.19022941137615e-15,-0.164431747161834,0.00308723314201928,-4.80985758163326e-16,9.99999999999998,0.123234724210545,0.0512505890132221,32.6380916703793,33.9537774804342,0,0,78.48,-33.9477889152408,0.637677784691045,0,32.6323349379462,-0.612979919554891,-3.84788606530661e-15,45.9748501258188
91.9440322688354,87.6110785624045,1.92120234600959e-14,-27.0709184099142,0.508511709310477,3.17208469847661e-15,-0.153656503428894,0.00288482765238444,-4.78506769295962e-16,10.1,0.123090018868971,0.0512479785719827,32.6747968298759,33.904265483221,0,0,78.48,-33.898285654241,0.636747721008703,0,32.6690336268098,-0.613669099789628,-3.8280541543677e-15,45.9274386054104
89.236189211942,87.6619438368893,1.95268509792152e-14,-27.0857747930273,0.508790625846014,3.1245811768439e-15,-0.143584541378812,0.00269563287992258,-4.71577212102627e-16,10.2,0.122955027669155,0.051245549456503,32.709119729272,33.8579984719036,0,0,78.48,-33.8520268067888,0.635878601528449,0,32.7033504757583,-0.614313538489068,-3.77261769682102e-15,45.8831344069377
86.5269097621732,87.7128360779867,1.9836962658165e-14,-27.0996572342119,0.509051247565425,3.10737248196127e-15,-0.134170318391072,0.002518793330307,-4.69199658042787e-16,10.3,0.122829086711985,0.0512432884933558,32.74121292124,33.8147645939161,0,0,78.48,-33.808800557685,0.635066447420177,0,32.7354380105564,-0.614916100777722,-3.7535972643423e-15,45.8417346653818
83.8162880972498,87.7637535166344,2.01512641601204e-14,-27.1126293519675,0.509294769502816,3.17832754901584e-15,-0.125371195196664,0.00235350804744221,-4.80123565687259e-16,10.4,0.122711578975349,0.051241183538986,32.7712194539316,33.774365723081,0,0,78.48,-33.7684088156979,0.634307537652274,0,32.7654392541246,-0.615479473272736,-3.84098852549807e-15,45.8030496597895
81.1044122416271,87.8146944993555,2.04696686055029e-14,-27.1247506385244,0.509522309182525,3.1894307183921e-15,-0.117147256674285,0.00219902724716949,-4.81997790003081e-16,10.5,0.122601930813786,0.0512392233902476,32.7992734288526,33.7366165836015,0,0,78.48,-33.7306663377098,0.633598392538948,0,32.7934882843155,-0.616006174561592,-3.85598232002465e-15,45.766901974429
78.3913644657869,87.865657480758,2.07862134743315e-14,-27.1360767237293,0.509734911576102,3.17119009665221e-15,-0.109461142943073,0.00205464914440168,-2.25578107050693e-15,10.6,0.122499608743213,0.0512373977037688,32.8255005305441,33.7013439282461,0,0,78.48,-33.6953999070465,0.632935758305487,0,32.8197107635019,-0.616498565150273,-3.83539384885346e-15,45.7331257118388
75.6772216599685,87.9166410165141,2.10980087300837e-14,-27.1466596225351,0.50993355375128,3.12404404422521e-15,-0.102277890262269,0.00191971696446995,-4.72465144782424e-16,10.7,0.122404116484647,0.0512356969231545,32.8500185288581,33.6683857675961,0,0,78.48,-33.6624475628612,0.632316592612456,0,32.844224440763,-0.616958856896697,-3.77972115825939e-15,45.7015657547732
72.9620556839309,87.9676437567905,2.14051242051041e-14,-27.1565479670495,0.510119149230927,3.04798364442353e-15,-0.0955647812570923,0.00179361612966676,-4.61115787549967e-16,10.8,0.122314992243579,0.0512341122131608,32.8729377546925,33.6375906473776,0,0,78.48,-33.6316578775934,0.631738050983037,0,32.8671396275366,-0.617389121945703,-3.68892630039974e-15,45.6720770741928
70.2459336942438,88.0186644401001,2.17076283327741e-14,-27.1657872240548,0.51029255207903,3.0318179100641e-15,-0.0892912040010021,0.00167577161215569,1.31754386927717e-15,10.9,0.122231806204012,0.0512326354000839,32.8943615501169,33.6088169710453,0,0,78.48,-33.6028892796726,0.631197474080275,0,32.8885596476646,-0.61779130118303,-3.6705037609846e-15,45.6445240805863
67.5289184505172,88.0697018875501,2.20114657229625e-14,-27.174419898858,0.510454560729941,3.01543659858494e-15,-0.0834285194975841,0.00156564544466596,-4.56466691454217e-16,11,0.122154158218339,0.0512312589176954,32.9143866938548,33.5819323649331,0,0,78.48,-33.576009418781,0.630692375783789,0,32.9085812628003,-0.618167212226461,-3.65173353163374e-15,45.6187800160545
64.8110686018952,88.12075499746,2.23136764978001e-14,-27.1824857262912,0.510605921576227,3.0585005160098e-15,-0.0779499371193557,0.00146273438065352,-4.63111385347666e-16,11.1,0.12208167567607,0.0512299757581389,32.9331038031192,33.5568130834249,0,0,78.48,-33.5508945711285,0.63022043201808,0,32.9272950741737,-0.618518556972852,-3.70489108278133e-15,45.5947263847144
62.0924389550594,88.1718227403271,2.26201606160258e-14,-27.1900218496365,0.510747332329679,3.07129932142009e-15,-0.0728303975762961,0.0013665676959114,-2.2415242597495e-15,11.2,0.122014011536106,0.05122877942727,32.9505977128079,33.5333434517323,0,0,78.48,-33.5274290823296,0.629779470287228,0,32.9447859017192,-0.618846928719937,-3.72133936279397e-15,45.5722524191182
59.3730807249134,88.2229041541184,2.29249984768067e-14,-27.1970629882056,0.510879445169226,3.05473010049814e-15,-0.0680464630027604,0.00127670512388733,1.31358919791918e-15,11.3,0.121950842508741,0.0512276639039842,32.9669478330707,33.5114153440021,0,0,78.48,-33.5055048456022,0.62936745987301,0,32.9611331415801,-0.619153818881912,-3.70214113184853e-15,45.5512545804995
56.6530417690476,88.2739983398653,2.32340680483439e-14,-27.203641594269,0.511002869688758,3.09672104411462e-15,-0.063576213768032,0.00119273491731958,1.30712395256353e-15,11.4,0.121891867374868,0.0512266236031287,32.9822284862496,33.4909276945957,0,0,78.48,-33.4850208131336,0.628982502656201,0,32.9764111029893,-0.619440623317645,-3.75386309469375e-15,45.5316360907875
53.9323668070158,88.3251044575453,2.35443439628423e-14,-27.2097879999853,0.511118175657136,3.07930730012894e-15,-0.059399151632376,0.00111427202905584,1.30966599970859e-15,11.5,0.121836805431079,0.0512256533416403,32.9965092241859,33.4717860405076,0,0,78.48,-33.4658825385796,0.62862282452256,0,32.9906893255206,-0.619708648290113,-3.73352671753327e-15,45.5133064944365
51.2110976253932,88.3762217222298,2.3858789911099e-14,-27.2155305549496,0.511225895601949,3.17967583357593e-15,-0.055496108887346,0.00104095640529177,1.29436124896056e-15,11.6,0.121785395050351,0.0512247483075925,33.009855126863,33.4539020930024,0,0,78.48,-33.4480017487772,0.628286767317653,0,33.0040328776785,-0.619959116075318,-3.85596472351756e-15,45.4961812482366
48.4892732695249,88.4273494004823,2.41802359786689e-14,-27.2208957549392,0.511326527227955,3.21976238528748e-15,-0.0518491631356488,0.000972451384748371,-4.88160337576188e-16,11.7,0.121737392349004,0.0512239040318687,33.0223270833346,33.4371933366617,0,0,78.48,-33.431295942862,0.627972781316471,0,33.0165026377768,-0.620193170238484,-3.9052827006095e-15,45.4801813373698
45.7669302228157,88.4784868069907,2.4499783566038e-14,-27.225908362407,0.511420535680473,3.17131044440408e-15,-0.0484415573824721,0.00090844219761789,-4.80895500741103e-16,11.8,0.12169256995142,0.0512231163622117,33.0339820558575,33.421582654135,0,0,78.48,-33.4156880170853,0.627679418175772,0,33.0281555580255,-0.620411880594829,-3.84716400592882e-15,45.4652329160807
43.0441025743629,88.5296333014181,2.48174827083919e-14,-27.2305915192355,0.511508355663412,3.18234277675625e-15,-0.0452576251262924,0.000848634558428235,1.29371232057554e-15,11.9,0.121650715844774,0.0512223814394236,33.0448733281223,33.4069979749907,0,0,78.48,-33.4011059137273,0.627405324339073,0,33.0390449127169,-0.620616247871647,-3.86115615059771e-15,45.4512669714245
40.3208221756797,88.5807882854592,2.51392147053818e-14,-27.2349668535709,0.511590393446092,3.25196797993019e-15,-0.0422827991379426,0.000792754830909709,1.2830800919124e-15,12,0.121611632304846,0.0512216956753086,33.0550507415402,33.3933725822483,0,0,78.48,-33.3874829275748,0.627149246793372,0,33.0492205344712,-0.620807208146094,-3.94621397990283e-15,45.4381918559022
37.5971187863574,88.6319512001039,2.54649181941338e-14,-27.2390545907726,0.511667028947361,3.23216593401226e-15,-0.0395034188915586,0.000740546410739354,-4.90340521633886e-16,12.1,0.121575134800952,0.0512210557306812,33.0645609427068,33.3806438190172,0,0,78.48,-33.3747564127888,0.626910008778766,0,33.0587290616563,-0.620985637492852,-3.92272417307109e-15,45.4259332111655
34.8730202109369,88.6831215230661,2.57886559250142e-14,-27.2428736186465,0.511738616960991,3.27186745092145e-15,-0.0369065501713006,0.00069176633701061,-4.96427302903714e-16,12.2,0.121541051322871,0.0512204585011476,33.0734475259032,33.3687517875983,0,0,78.48,-33.3628664822347,0.626686485356606,0,33.0676140808643,-0.621152354660522,-3.97141842322972e-15,45.4144803947593
32.148552428061,88.7342987663582,2.61133729395884e-14,-27.2464415835558,0.511805488961044,3.2818083533736e-15,-0.0344802317929727,0.000646189926609156,-4.9799539058645e-16,12.3,0.121509221443782,0.0512199010985749,33.0817512486157,33.3576415391236,0,0,78.48,-33.3517581967363,0.626477644532217,0,33.0759163423925,-0.621308125119344,-3.9839631246916e-15,45.403780487273
29.4237397102193,88.7854824740413,2.64390762512496e-14,-27.249774975225,0.511867954694878,3.23238196752241e-15,-0.0322132834534745,0.000603607164832459,1.28580659084673e-15,12.4,0.121479495494724,0.0512193808347997,33.0895102218273,33.3472617263727,0,0,78.48,-33.3413802181298,0.626282521953769,0,33.083673950502,-0.621453664635109,-3.92440198842819e-15,45.3937840379214
26.6986047355929,88.8366722201243,2.67657503985118e-14,-27.2528892022707,0.511926303601946,3.27162071965888e-15,-0.0300952551356977,0.000563821754984345,1.27979963500551e-15,12.5,0.121451733830928,0.051218895207192,33.0967600796557,33.3375643685785,0,0,78.48,-33.3316845741109,0.626100216495052,0,33.0909225330253,-0.621589642455177,-3.9724576351579e-15,45.3844448380379
23.9731686925945,88.8878676066005,2.70963185390403e-14,-27.2557986628356,0.511980806140622,3.33986934728966e-15,-0.0281163797424204,0.000526650228625178,-5.06965415420071e-16,12.6,0.121425806149746,0.0512184418853346,33.1035341384015,33.3285046314799,0,0,78.48,-33.3226264383262,0.625929886124609,0,33.0976954003868,-0.621716684295608,-4.05572332336056e-15,45.3757197092501
21.2474513775761,88.9390682616118,2.7430743940618e-14,-27.2585168106395,0.51203171502892,3.37792172964364e-15,-0.026267528759476,0.000491921112727139,-5.12788359660403e-16,12.7,0.121401590856332,0.0512180186987224,33.1098635456314,33.3200406216471,0,0,78.48,-33.314163924735,0.625770744042929,0,33.1040236946592,-0.621835375141112,-4.10230687728323e-15,45.3675683054016
18.5214712861482,88.9902738377338,2.77718837399086e-14,-27.2610562167399,0.512079266404635,3.44455624294764e-15,-0.02454017075996,0.000459474150195441,1.25340828933001e-15,12.8,0.121378974473579,0.0512176236253964,33.1157774198864,33.3121331941658,0,0,78.48,-33.3062578953273,0.625622055070531,0,33.1099365292476,-0.621946261868967,-4.18358840056195e-15,45.3599529273389
15.7952456985274,89.0414840103721,2.811961414438e-14,-27.2634286272771,0.512123680910056,3.48057993084506e-15,-0.0229263325722346,0.000429159570427759,-5.2845980484463e-16,12.9,0.12135785109307,0.0512172547814348,33.1213029815797,33.3047457728237,0,0,78.48,-33.2988717803421,0.625483132270849,0,33.1154611197642,-0.622049855707427,-4.22767843875704e-15,45.3528383497394
13.0687907592972,89.0926984762644,2.84621049760212e-14,-27.2656450174636,0.512165164706116,3.39897131429468e-15,-0.0214185629449233,0.000400837406781832,-5.16107573739204e-16,13,0.121338121864065,0.0512169104112292,33.1264656756126,33.2978441819954,0,0,78.48,-33.2919714101817,0.625353333792864,0,33.1206229066223,-0.622146634538609,-4.12886058991363e-15,45.3461916592049
10.3421215519498,89.1439169520803,2.87994345209241e-14,-27.2677156420568,0.5122039104205,3.31814267796544e-15,-0.0200098985519794,0.000374376857997058,-5.03869468048894e-16,13.1,0.121319694517774,0.0512165888784847,33.131289286214,33.291396489474,0,0,78.48,-33.2855248582715,0.625232059919286,0,33.1254456698556,-0.622237045055309,-4.03095574439115e-15,45.3399821028987
7.61525216854519,89.1951391731125,2.9128719610897e-14,-27.2696500825442,0.512240098033982,3.2681381673928e-15,-0.0186938321903378,0.000349655690803863,-4.96308437676241e-16,13.2,0.121302482924378,0.0512162886578824,33.135796044475,33.2853728595428,0,0,78.48,-33.2795022941571,0.62511875030708,0,33.1299516366344,-0.622321504780649,-3.97046750140993e-15,45.3341809470432
4.88819577480826,89.2463648920543,2.94560024628441e-14,-27.2714572912515,0.512273895708973,3.27764646533645e-15,-0.0174642830314786,0.00032655968111725,1.27857418320106e-15,13.3,0.12128640668047,0.0512160083273541,33.1400067290308,33.2797454156272,0,0,78.48,-33.2738758461805,0.625012881407925,0,33.1341615819287,-0.622400403958987,-3.98226124959351e-15,45.3287613446447
2.1609646709601,89.2975938778567,2.97842289839923e-14,-27.2731456325732,0.512305460564014,3.25740257280563e-15,-0.0163155687966796,0.000304982091358097,-4.94736274252378e-16,13.4,0.121271390724735,0.0512157465609191,33.1439407603093,33.274488111906,0,0,78.48,-33.2686194731146,0.624913964056898,0,33.1380949227411,-0.622474107326033,-3.95789019401903e-15,45.3236982118468
-0.566429651437499,89.3488259146608,3.01075079918448e-14,-27.2747229215122,0.512334939397713,3.20830144734467e-15,-0.0152423797337145,0.000284823181626814,1.28905221882207e-15,13.5,0.121257364979882,0.0512155021220403,33.1476162887475,33.2695766133047,0,0,78.48,-33.263708844177,0.624821541218668,0,33.1417698063073,-0.622542955765653,-3.89843696462543e-15,45.3189681123559
-3.29397645636426,89.4000608007999,3.04318127377851e-14,-27.2761964597018,0.512362469365399,3.27746577912213e-15,-0.0142397542801591,0.000265989752545964,-4.97834574215751e-16,13.6,0.121244264018974,0.0512152738574576,33.1510502773497,33.2649881833264,0,0,78.48,-33.259121226881,0.624735185880782,0,33.1452031926398,-0.622607267860414,-3.982676593726e-15,45.3145491494149
-6.02166571370689,89.4512983478674,3.07600207685994e-14,-27.2775730690739,0.51238817861156,3.28682295914081e-15,-0.0133030563056362,0.000248394717769926,-4.99279013173548e-16,13.7,0.121232026754445,0.0512150606914648,33.1542585789427,33.2607015792118,0,0,78.48,-33.254835382214,0.62465449908468,0,33.148410931769,-0.622667341342521,-3.99423210538838e-15,45.310420864835
-8.74948805288001,89.502538379845,3.10862192256083e-14,-27.2788591233268,0.512412186860936,3.23727127975518e-15,-0.0124279538319332,0.000231956704257505,1.28458361317318e-15,13.8,0.121220596148209,0.0512148616205926,33.1572560084583,33.2566969539535,0,0,78.48,-33.2508314666693,0.62457910808544,0,33.1514078360138,-0.62272345445138,-3.93418580981659e-15,45.3065641446294
-11.4774347194899,89.5537807322894,3.14104381356362e-14,-27.2800605773339,0.512434605970955,3.24723014105259e-15,-0.0116103991362948,0.000216599678520987,-2.26966284945984e-15,13.9,0.121209918941412,0.0512146757086702,33.1600564105585,33.2529557647191,0,0,78.48,-33.2470909406848,0.624508664631837,0,33.1542077475945,-0.622775867203669,-3.94644808047671e-15,45.3029611308185
-14.2054975348416,89.6050252515712,3.17356674551526e-14,-27.281182994629,0.512455540448016,3.28663951721975e-15,-0.0108466101489597,0.000202252597187161,-4.99311772591033e-16,14,0.121199945402433,0.0512145020822345,33.1626727228961,33.2494606872657,0,0,78.48,-33.2435964830733,0.624442843358944,0,33.1568236018816,-0.622824822581446,-3.99449418072827e-15,45.2995951390052
-16.933668858104,89.6562717941643,3.20677461133467e-14,-27.282231573092,0.512475087929986,3.35461245609248e-15,-0.0101330530618133,0.000188849080313636,-5.09656309855446e-16,14.1,0.121190629091908,0.0512143399262629,33.1651170352863,33.2461955359564,0,0,78.48,-33.2403319110527,0.624381340285982,0,33.1592674865582,-0.622870547643473,-4.07725047884357e-15,45.2964505813459
-19.6619415509581,89.7075202259819,3.24036325000847e-14,-27.2832111689533,0.512493339637099,3.39239922120078e-15,-0.00946642606997283,0.000176327105983559,-5.1541412254183e-16,14.2,0.121181926643569,0.0512141884802047,33.1674006450513,33.2431451890147,0,0,78.48,-33.2372821055136,0.6243238714125,0,33.1615506969538,-0.622913254564632,-4.12331298033464e-15,45.2935128945649
-22.3903089445662,89.7587704217561,3.27432464306868e-14,-27.2841263192256,0.512510380793327,3.42961802605697e-15,-0.00884364417334016,0.000164628724814112,1.2552719492414e-15,14.3,0.121173797559831,0.0512140470342893,33.1695341087785,33.2402955186734,0,0,78.48,-33.2344329411806,0.624270171406535,0,33.1636837877939,-0.622953141608022,-4.1686791212708e-15,45.2907684726837
-25.1187648087103,89.810022264458,3.30894923063083e-14,-27.2849812626659,0.512526291020135,3.49543359198836e-15,-0.00826182496954875,0.000153699793079401,-5.31099962320518e-16,14.4,0.12116620402111,0.0512139149260909,33.1715272907234,33.2376333259013,0,0,78.48,-33.2317712213505,0.624219992378646,0,33.1656766215941,-0.622990394034011,-4.24879969856415e-15,45.2882046041585
-27.8473033229568,89.8612756447561,3.34363935400229e-14,-27.2857799593637,0.512541144704438,3.44272432897049e-15,-0.00771827537421022,0.000143489723264362,-2.29946215103006e-15,14.5,0.121159110707934,0.051213791537332,33.1733894080705,33.235146279407,0,0,78.48,-33.2292846169068,0.624173102736404,0,33.1675384139132,-0.623025184950289,-4.18484249303845e-15,45.2858094131361
-30.5760047591079,89.9073757632212,3.37839617252677e-14,-27.2881763885064,0.409459589038748,3.50832417910093e-15,-0.0217968129808934,-1.03086304473751,1.24315064982742e-15,14.6,0.121820642866279,0.0512253687222334,33.1824807815278,33.2331075964414,-0.123753208289715,-8.24765199853742,78.48,-33.2293671804047,0.498595333404136,0,33.1787458848473,-0.497847692766771,-4.26564951658267e-15,45.2838460259827
-33.3049687318982,89.9378968468175,3.41380160056402e-14,-27.2908337115852,0.200958653590456,3.57289896311753e-15,-0.018498622001041,-2.08510167615299,-5.43414109583757e-16,14.7,0.123856979779063,0.0512618912398585,33.2069309879663,33.2320945125289,-0.122826045781507,-16.6809867673985,78.48,-33.2311936728132,0.244689128547738,0,33.2060307425864,-0.244515770373137,-4.34731287667006e-15,45.282870358862
-36.0340964992939,89.942055512048,3.44925989039706e-14,-27.2911032482234,-0.117785878277452,3.5188995774425e-15,0.0158456213288831,-3.1874250096352,-5.35891017373958e-16,14.8,0.127387095018141,0.0513283724568647,33.2494701217608,33.2327675148918,0.11006246782352,-25.4994602319894,78.48,-33.2324579533769,-0.143440147395805,0,33.2491604561845,0.143500302303629,-4.28712813899167e-15,45.2835185048542
-38.7629439782427,89.9084401227652,3.48447781107118e-14,-27.2846923561181,-0.554504960830552,3.4947626451922e-15,0.0987089122634055,-4.3665907229458,-2.30965208086652e-15,14.9,0.132627753296275,0.0514344761285086,33.3156844393786,33.2359775756088,0.709980647104829,-34.9343333959423,78.48,-33.2291158704515,-0.675325013963619,0,33.3088065214539,0.67693262633946,-4.26636193173017e-15,45.2866100066128
-41.490529197761,89.8246844974987,3.51886550540117e-14,-27.2650779182871,-1.12054046938679,3.41251823402193e-15,0.254132037605065,-5.65814451071533,1.25400884977947e-15,15,0.139928117403701,0.0515970376328782,33.4155135092969,33.2429270614868,1.86061493176807,-45.272231136489,78.48,-33.2148876608117,-1.36507776151759,0,33.3873290298842,1.37215281228391,-4.17878391696623e-15,45.2933028232624
-44.2150608425965,89.6770484466338,3.55361325852614e-14,-27.2225005937584,-1.83199759325686,3.50710915275282e-15,0.51733547109237,-7.10868988304657,-5.39327763542211e-16,15.1,0.149832462426171,0.0518450485040136,33.5662417337657,33.2554399012194,3.82858254949141,-56.8903760315388,78.48,-33.1803884662168,-2.23295863252299,0,33.4904896854643,2.25381559968931,-4.31462210833769e-15,45.3053535193233
-46.9335301054052,89.4498459254963,3.58871017358063e-14,-27.1422094987338,-2.71162568050957,3.4823502425876e-15,0.943025799552285,-8.78272372227855,-2.31571729123784e-15,15.2,0.163194314573101,0.0522297444768017,33.7985767645924,33.2764557638072,7.02467047763408,-70.3136816725797,78.48,-33.1116231761829,-3.30800828884748,0,33.6311590949671,3.3599001831988,-4.31488361470072e-15,45.3255931913656
-49.6410574817271,89.1246200576067,3.62355834773657e-14,-27.0012608786156,-3.79196739951773,3.51657074702526e-15,1.6215042189608,-10.7743062148343,-5.50865760847859e-16,15.3,0.181393225604233,0.052846278543161,34.169721968705,33.3110087932086,12.1216636425107,-86.313860753924,78.48,-32.98730002519,-4.63263897463605,0,33.8376701343658,4.75205000988563,-4.40692608678287e-15,45.3588700545078
-52.3297738674169,88.6788809271184,3.65873852214178e-14,-26.7622833729628,-5.12087382009639,3.49001031851971e-15,2.71261600703109,-13.2282197450095,-5.57069029488323e-16,15.4,0.20677600395115,0.0538844835336652,34.7939628632206,33.3683449855659,20.3007108892004,-106.093672532925,78.48,-32.7737545174625,-6.27116112891798,0,34.1739716845108,6.53907570176635,-4.45655223590658e-15,45.4140886173728
-54.986740420313,88.0840424417067,3.69335218560802e-14,-26.3601901942321,-6.77178473753941,3.43288490414935e-15,4.52505865606709,-16.3806727077701,1.20996818420879e-15,15.5,0.243646342266646,0.0557625033905758,35.9228973058257,33.4670442285833,33.8218473291441,-131.656423478857,78.48,-32.4145344877008,-8.32712455434698,0,34.7931564070934,8.93816637104277,-4.5311092415317e-15,45.5087658472101
-57.5984685032629,87.3254489957316,3.72798670003174e-14,-25.8577583320866,-8.39493707545642,3.46457535931252e-15,5.52078443662567,-16.0720957728168,-5.71303690443957e-16,15.6,0.244179741547136,0.0557928881921768,35.8639569161538,33.5596542676262,41.9745812504633,-129.288304687038,78.48,-31.9195747694512,-10.362969704675,0,34.1112690119933,11.0745082091786,-4.57042952355166e-15,45.5974470356743
-60.1550042046512,86.406185712503,3.76234841534089e-14,-25.2566538927696,-9.98415857299798,3.40792800408036e-15,6.4978454113281,-15.7022104509032,-5.6167437356146e-16,15.7,0.244681833898847,0.0558215734100698,35.8087644792899,33.6465518876582,49.971957704802,-126.412557300094,78.48,-31.2904032108299,-12.3693621837411,0,33.3012087966527,13.1642358766091,-4.49339498849168e-15,45.6806581464654
-62.6465802213385,85.3299505691734,3.79644450012406e-14,-24.558942136597,-11.5333690172323,3.41095845032028e-15,7.45227577069285,-15.2720748386867,-5.61904130664982e-16,15.8,0.245154388670012,0.0558486453403977,35.7570730027935,33.7280934265528,57.7816573133043,-123.039064033046,78.48,-30.5291834949739,-14.3371280708685,0,32.3657323472124,15.1995933944204,-4.49523304531985e-15,45.7587404003237
-65.0636555002196,84.1010438195785,3.83057077149058e-14,-23.7670816730276,-13.0366076146811,3.44357119612454e-15,8.38017749955896,-14.7830183746931,-5.67021988364497e-16,15.9,0.245599083272923,0.055874186948801,35.7086527629181,33.8046125267972,65.372017605088,-119.179824275085,78.48,-29.6386952556825,-16.2572928751277,0,31.3080976470662,17.1729701526679,-4.53617590691597e-15,45.8320132854237
-67.3969542027616,82.7243547045906,3.86501818598506e-14,-22.8839167407037,-14.4880598499701,3.44607373599678e-15,9.27773910399871,-14.2366361219204,-5.67195759955828e-16,16,0.246017506986968,0.0558982778641814,35.663289987028,33.8764216353935,72.7121732620343,-114.848905347469,78.48,-28.6223157274743,-18.121119866491,0,30.1320552974296,19.0769362385971,-4.53756607964662e-15,45.900775993643
-69.6375038047764,81.2053455072441,3.89949053726164e-14,-21.9126676410434,-15.8820837113748,3.44855828544091e-15,10.1412538010432,-13.6347818305293,1.20897523173392e-15,16.1,0.246411164729617,0.0559209943944959,35.6207856482126,33.9438133983957,79.7721924100627,-110.062384664753,78.48,-27.4839992342142,-19.9201469401915,0,28.8418372324968,20.90427696071,-4.53905286133063e-15,45.9653087559386
-71.7766721495897,79.5500330219688,3.93369159893254e-14,-20.8569193827505,-17.21323516355,3.36269251461699e-15,10.9671370988429,-12.9795598269033,1.22330603170961e-15,16.2,0.24678148077587,0.0559424095611775,35.5809543613898,34.0070619581798,86.5232083999509,-104.838283123002,78.48,-26.2282546191401,-21.6462219027024,0,27.4421430099327,22.6480264104779,-4.42440646152511e-15,46.0258740845819
-73.8062032788621,77.7649675189969,3.96704112638213e-14,-19.7206086016704,-18.476292752559,3.27824702927545e-15,11.7519436984805,-12.2733157792487,1.2373802103163e-15,16.3,0.247129802410032,0.0559625931491545,35.5436233713216,34.0664241608459,92.937546545656,-99.1964900693268,78.48,-24.8601207238207,-23.291536074371,0,25.9381237660089,24.3014999097085,-4.31181303267158e-15,46.0827179293389
-75.7182518720994,75.8572092962454,3.99984925460366e-14,-18.508008827108,-19.6662812335153,3.28352771467222e-15,12.4923836524064,-11.5186263935259,-2.31602754808305e-15,16.4,0.247457403496653,0.0559816117697785,35.5086316239605,34.1221406805248,98.9888453143558,-93.1586802360926,78.48,-23.3851400279897,-24.8486561103983,0,24.3353639328848,25.8583251982834,-4.31736566946236e-15,46.1360707540789
-77.5054161333175,73.8343029216648,4.0321225504304e-14,-17.2237141720361,-20.7784941167014,3.23049247639241e-15,13.1853377183736,-10.7182880968665,-2.30715045428075e-15,16.5,0.247765487960073,0.055999528934283,35.4758289134341,34.1744370667904,104.652171490008,-86.7482230505387,78.48,-21.8093305663519,-26.3105539485509,0,22.6398608233328,27.3124722241573,-4.24634891904398e-15,46.1861485397526
-79.1607689713712,71.7042492791714,4.06386990490583e-14,-15.872621530532,-21.8085150339023,3.14873083642895e-15,13.8278718517828,-9.87530476872413,-5.17213197684043e-16,16.6,0.24805519316425,0.0560164051356828,35.4450750977624,34.2235247208672,109.904128861032,-79.9900847561608,78.48,-20.1391562423347,-27.6706347987652,0,20.8580021955656,28.658281405133,-4.13770558147234e-15,46.233153719185
-80.6778873290673,69.4754755407985,4.09539366937383e-14,-14.4599113712843,-22.7522378328564,3.15616855012111e-15,14.4172507835048,-8.99287458284793,-5.18297507348889e-16,16.7,0.248327593186558,0.0560322979372789,35.4162393771042,34.2696018058524,114.722960012696,-72.9107238060725,78.48,-18.3814956623823,-28.9227630966597,0,18.9965419177247,29.8904902399488,-4.14638005879112e-15,46.2772760486828
-82.0508795253244,67.1568031965919,4.1269912706289e-14,-12.9910272210897,-23.6058853141717,3.1931042602e-15,14.9509506345132,-8.07437602573954,1.25212407138363e-15,16.8,0.248583701980932,0.0560472620661707,35.3891996289482,34.3128540957497,119.088640835847,-65.5379800106069,78.48,-16.5436096177326,-30.0612863499265,0,17.0625738579912,31.0042581546171,-4.19386214413294e-15,46.3186934210492
-83.2744104842699,64.757414282009,4.15925135489293e-14,-11.4716539369129,-24.3660265317345,3.22896474524036e-15,15.426670523019,-7.12335315956904,-5.29996851915057e-16,16.9,0.248824476427184,0.0560613495103857,35.3638417952231,34.3534557677271,122.982967395672,-57.9009579416004,78.48,-14.6331073436976,-31.0810568136447,0,15.0635041321771,31.9951894786927,-4.23997481532046e-15,46.3575726242306
-84.3437247352365,62.2868159501344,4.19157109857268e-14,-9.90769486928816,-25.0295925845419,3.23513348938018e-15,15.8423431242431,-6.14350019957819,1.24546326972694e-15,17,0.249050819264631,0.0560746096184274,35.3400593167947,34.3915701416574,126.389634837184,-50.0299051140756,78.48,-12.6579116892473,-31.977450937743,0,13.0070218460088,32.8593544551931,-4.24714855738649e-15,46.3940700494844
-85.2546670780905,59.7548035428771,4.22365604207981e-14,-8.3052480236055,-25.5938908349857,3.18248653873908e-15,16.1961441474772,-5.13864547778828,-5.22147315440542e-16,17.1,0.249263581909192,0.0560870892002089,35.3177526112576,34.4273503706853,129.294308037889,-41.9560854823651,78.48,-10.6262233321872,-32.7463865371495,0,10.9010684741162,33.5933081972083,-4.17717852352434e-15,46.4283323526484
-86.0037008191451,57.171422321452,4.25522127326487e-14,-6.6705813291288,-26.0566174958715,3.13070277202346e-15,16.4865006996606,-4.11273486635792,-5.13552781732161e-16,17.2,0.249463567154056,0.0560988326284926,35.2968285903269,34.460940086269,131.684683752694,-33.7116488020518,78.48,-8.54648417738575,-33.3843376426,0,8.75380602197656,34.1941075137885,-4.10842225385729e-15,46.4604970718184
-86.5879234940475,54.5469280218495,4.28656657110244e-14,-5.01010712844068,-26.4158685358613,3.16810731643596e-15,16.7120985093238,-3.06981473519948,-5.19595175665114e-16,17.3,0.249651531754779,0.0561098819400895,35.2772002134846,34.4924740008824,133.550544031231,-25.3294964214079,78.48,-6.42734007735012,-33.8883469976279,0,6.573584120709,34.65932553744,-4.15676140532092e-15,46.4906932044812
-87.0050800054166,51.8917464056548,4.31857896849586e-14,-3.33035600239088,-26.6701488605368,3.23403278156313e-15,16.8718879894095,-2.01401451946329,-5.30318150861743e-16,17.4,0.249828188900301,0.0561202769361882,35.2587860748548,34.5220784713174,134.883800723536,-16.8431440762555,78.48,-4.27760301593451,-34.2560361749264,0,4.36890620767447,34.9870640954756,-4.24254520689394e-15,46.5190417469196
-87.2535731146174,49.2164319804779,4.35065559544864e-14,-1.63795004753957,-26.8183797338842,3.21104350180664e-15,16.9650891221678,-0.949528973234233,-5.26465203287383e-16,17.5,0.249994210571894,0.056130055281291,35.2415100205602,34.5498720253067,135.678530926146,-8.28658227032428,78.48,-2.1062128970937,-34.4856132930413,0,2.14839494828974,35.1759637774917,-4.21172162629906e-15,46.5456561984941
-87.3324712388339,46.5316260673926,4.38309393709586e-14,0.0604242754671229,-26.8599044126587,3.27628725220176e-15,16.9911951540167,0.119399813743619,1.23927417638506e-15,17.6,0.250150229792499,0.0561392526003243,35.2253007940716,34.575965853981,135.931003257157,0.305865170790034,78.48,0.0778009186633683,-34.5758783222164,0,-0.0792429436871542,35.2252116613754,-4.29666130412151e-15,46.5706430332082
-87.2415135164981,43.8480143951553,4.4161794547175e-14,1.75804360317641,-26.7944919737819,3.31087160486995e-15,16.9499750929562,1.18850055929148,-5.42676704949615e-16,17.7,0.250296842769228,0.0561479025735732,35.2100917072836,34.6004642724902,135.639694885438,8.89968378006579,78.48,2.26535818711712,-34.5262259761465,0,-2.30525232890629,35.1345466704125,-4.34141363959692e-15,46.5941021407881
-86.9811121161027,41.1762844025689,4.4493119553455e-14,3.44817532034275,-26.6223393226286,3.34538645786914e-15,16.8414750058046,2.2534910150041,1.22809431717026e-15,17.8,0.250434610932075,0.0561560370291569,35.1958203352617,34.6234651509452,134.805299275989,17.4603117701542,78.48,4.44736631953956,-34.3366461943875,0,-4.52086554909174,34.9042625442661,-4.38610017783995e-15,46.6161272393432
-86.5523517754241,38.5270824311927,4.4833765386907e-14,5.12410528071633,-26.3440713777383,3.40798655623437e-15,16.6660181171833,3.31009619879635,-5.58453571552538e-16,17.9,0.250564062872119,0.0561636860328275,35.1824282327821,34.6450603176812,133.430724650154,25.953283401815,78.48,6.61475874580525,-34.0077222282023,0,-6.71733845849236,34.5352084167581,-4.4676285724203e-15,46.6368062615208
-85.9569865701615,35.910970990658,4.51747476741111e-14,6.77916547806966,-25.9607394351298,3.41132623239023e-15,16.4242037167879,4.3540665577242,-5.58936765127382e-16,18,0.250685696182588,0.0561708779749247,35.1698606709598,34.6653359366962,131.521083195999,34.3443718089447,78.48,8.7585329598852,-33.5406263506602,0,-8.88598642158133,34.0287870035092,-4.47149412101906e-15,46.6562217159324
-85.1974339229074,33.338386278157,4.55131009230979e-14,8.40676154880832,-25.4738177229576,3.38549688255613e-15,16.1169048860501,5.38119598585732,1.22171178300903e-15,18.1,0.250799979206323,0.0561776396543651,35.1580663924029,34.6843728609886,129.083671100501,42.5997306941936,78.48,10.8697881075678,-32.9371132198415,0,-11.0182201196673,33.3869504125065,-4.4371604511298e-15,46.6744510255019
-84.2767658751737,30.8195961322203,4.58547897022548e-14,10.0003999888478,-24.8851981647239,3.41833867189658e-15,15.7452650597862,6.38733962307778,1.21638780769771e-15,18.2,0.250907352693171,0.0561839963595849,35.1469973834708,34.7022469633924,126.127939511091,50.6860343160377,78.48,12.9397619780728,-32.1995109319862,0,-13.1055810108744,32.6121936005708,-4.4797522536203e-15,46.691566844265
-83.1986976568377,28.3646585987113,4.61997361811811e-14,11.5537149692192,-24.1971833766033,3.421046353564e-15,15.3106934428447,7.36843136203085,-5.60359553288658e-16,18.3,0.251008231370939,0.0561899719463891,35.1366086623339,34.7190294463971,122.665456569582,58.5706151971792,78.48,14.9598672635058,-31.330709809356,0,-15.1397762903302,31.7075455084236,-4.48287642630926e-15,46.7076373540458
-81.9675735988217,25.9833812840472,4.65419906999256e-14,13.0604946370847,-23.412477931639,3.4538062980769e-15,14.8148593060865,8.32050099205367,-5.65675327303097e-16,18.4,0.251103005433463,0.0561955889126864,35.1268580816429,34.7347871323334,118.70986069621,66.2215989952398,78.48,16.9217269528411,-30.334148975404,0,-17.1127132003597,30.6765579165935,-4.52540261842478e-15,46.7227265423316
-80.5883504460241,23.6852816670283,4.68875190130526e-14,14.5147067914898,-22.5341779305948,3.4860347896963e-15,14.259685190243,9.23969091075254,-5.70906245128592e-16,18.5,0.251192041949371,0.0562008684701159,35.1177061447168,34.7495827352126,114.276805335618,73.608035989865,78.48,18.8172087303256,-29.2138007775563,0,-19.0165325439998,29.5232920737115,-4.56724996102873e-15,46.7368944625802
-79.0665781384347,21.4795485363351,4.72362199216465e-14,15.910523826236,-21.5657589260789,3.48814245311358e-15,13.6473390502904,10.1222723359823,-5.71206758713578e-16,18.6,0.251275686195061,0.0562058306125909,35.1091158342469,34.7634751154149,109.383895409686,80.7000286555268,78.48,20.6384582518573,-27.9741531254552,0,-20.8436412592201,28.252303157787,-4.56965406970863e-15,46.7501974781028
-77.4083781389611,19.3750047157591,4.75821937376003e-14,17.2423468357269,-20.5110622531673,3.43148899301538e-15,12.9802253769348,10.9646609532976,1.21446868785064e-15,18.7,0.251354262915326,0.0562104941817999,35.1010524525993,34.7765195183416,104.050615754298,87.4688548064475,78.48,22.3779311770112,-26.6201898198819,0,-22.5867439158311,26.8686226398153,-4.49510521239691e-15,46.7626884905924
-75.6204193967171,17.3800712335898,4.79254608575069e-14,18.5048287834836,-19.3742798261188,3.40488869309225e-15,12.2609753356126,11.7634319364849,-5.5749411129411e-16,18.8,0.251428077515031,0.0562148769297234,35.0934834728706,34.7887677980702,98.298251848119,93.8870858191039,78.48,24.0284238389502,-25.1573689547181,0,-24.2388730021686,25.3777386274937,-4.45995289035288e-15,46.7744171542902
-73.7098920443473,15.5027330863124,4.82631774757751e-14,19.6928966372576,-18.1599374668819,3.34959497475221e-15,11.4924359670597,12.5153342815433,-5.48405247871212e-16,18.9,0.251497417185102,0.0562189955782307,35.0863783999203,34.8002686269801,92.14980317126,99.9286994586543,78.48,25.5831024394643,-23.5915994812104,0,-25.7934178742464,23.7855742749024,-4.3872419829697e-15,46.7854300767184
-71.6844789373415,13.7505067399109,4.85983705085282e-14,20.801772379244,-16.8728768369056,3.38353572320532e-15,10.6776584969779,13.2173043974444,-5.53928534866199e-16,19,0.251562551966044,0.0562228658758338,35.0797086406646,34.8110676922505,85.6298895601475,105.569186858273,78.48,27.0355306618098,-21.9292160304191,0,-27.2441522461338,22.098464351701,-4.4314282789296e-15,46.7957710068421
-69.5523251522012,12.130409504637,4.89369301460661e-14,21.8269928048205,-15.5182360492799,3.38732260672617e-15,9.8198858056164,13.8664789001681,-2.33087377769803e-15,19.1,0.251623735752074,0.0562265026516811,35.0734473829746,34.8212078800741,78.7646509518951,110.785653224712,78.48,28.3796955998664,-20.176952096049,0,-28.5852601068303,20.3231300726818,-4.43613550638225e-15,46.8054810114673
-67.3220055687168,10.6489309111453,4.92699683921335e-14,22.7644280284736,-14.1014290434134,3.33280460829425e-15,8.92253911118159,14.4602065598589,1.23079383581817e-15,19.2,0.251681207238847,0.0562299198668783,35.0675694825694,34.8307294483702,71.5816409369248,115.556911869335,78.48,29.6100319083662,-18.3419116858385,0,-29.8113599558383,18.4666522953749,-4.36450402865661e-15,46.8145986406278
-65.0024906694742,9.31200620742647,4.96034966965371e-14,23.6102986211123,-12.6281238092997,3.33742076603275e-15,7.98920392387065,14.9960593544753,-5.46291255977064e-16,19.3,0.251735190817669,0.0562331306632283,35.0620513573456,34.8396701887319,64.1097145623648,119.863571191301,78.48,30.7214440855621,-16.4315395552971,0,-30.9175272569617,16.5364431997987,-4.37033004781651e-15,46.8231600826618
-62.6031106970011,8.12499208703879,4.99345222102674e-14,24.3611913087823,-11.1042195528988,3.28323757303195e-15,7.023615329992,15.4718425869973,-5.37396900525465e-16,19.4,0.251785897418954,0.0562361474094847,35.0568708886245,34.848065578292,56.3789108508022,123.688114268418,78.48,31.709326806677,-14.4535901428086,0,-31.8993150175432,14.5402165703689,-4.29917520420372e-15,46.8311993096344
-60.1335183156609,7.09264474977854,5.02631100024941e-14,25.0140731688675,-9.5358228982676,3.31827380529352e-15,6.02964266807314,15.8856040270963,-5.43107603866343e-16,19.5,0.251833525307584,0.0562389817452141,35.052007328839,34.8559489221465,48.4203305191881,127.014970741297,78.48,32.569583233771,-12.4160953299236,0,-32.752772408374,12.485956805397,-4.34486083093074e-15,46.83874821372
-57.6036499314776,6.21910038617536,5.0598133612742e-14,25.5663042661623,-7.92922322578015,3.38186494969493e-15,5.01127366105618,16.2356420421559,-5.53492726029208e-16,19.6,0.25187826083272,0.0562416446223638,35.0474412152185,34.8633514869341,40.2660094010088,129.830580707774,78.48,33.2986412352762,-10.3273311550409,0,-33.4744613478355,10.3818867845141,-4.42794180823366e-15,46.8458367351139
-55.0236858285185,5.50785816709765,5.09365283190281e-14,26.0156486777141,-6.29086724909017,3.38569456511952e-15,3.97259807063568,16.5205126866324,1.22225890677808e-15,19.7,0.251920279134492,0.0562441463446301,35.0431542890604,34.87030262613,31.9487880911757,132.12345037693,78.48,33.8934674563337,-8.195783612586,0,-34.061470982424,8.23643472871475,-4.43278346097738e-15,46.8524929820115
-52.4040092852304,4.96176580933889,5.12782153158795e-14,26.3602838620223,-4.62733293637532,3.41859341603715e-15,2.91779094149353,16.7390357229594,-5.59461669729411e-16,19.8,0.251959744809907,0.0562464966047243,35.0391294202104,34.876829897576,23.5021783473853,133.884199265364,78.48,34.3515791892078,-6.03011367322679,0,-34.5114300046448,6.0582001915382,-4.47569335783529e-15,46.8587433431521
-49.7551648382331,4.58300777737512,5.16172925865057e-14,26.5988083350342,-2.94530288387043,3.36310348343291e-15,1.85109550462627,16.8902995515079,1.2259951186015e-15,19.9,0.25199681254018,0.0562487045196273,35.0353505364001,34.8829591737362,14.9602267938969,135.105598752514,78.48,34.6710540014089,-3.83912166360074,0,-34.8225167582957,3.85591932315048,-4.40289376639002e-15,46.8646125933968
-47.0878158644767,4.37309617057803,5.19567632710857e-14,26.7302476223564,-1.25153725172593,3.42597469037039e-15,0.776805810134301,16.973665031496,1.21572448820744e-15,20,0.25203162768161,0.0562507786639283,35.0318025571138,34.8887147451333,6.35737648372999,135.782601846644,78.48,34.8505370877099,-1.63171114644717,0,-34.9934670903654,1.63842955177147,-4.48505880954248e-15,46.870123992777
-44.4127016553743,4.33286433408121,5.23024457836851e-14,26.7540584641844,0.447153626183323,3.4878312490086e-15,-0.300750839253224,16.9887681791934,1.20561942841045e-15,20.1,0.252064326822022,0.0562527271013351,35.0284713316846,34.894119417395,-2.27167311685298,135.912364048493,78.48,34.8892463209407,0.583147556069761,0,-35.0235799181135,-0.585366171015552,-4.56589928791838e-15,46.8752993794239
-41.740594158518,4.46246322027393,5.26513273233262e-14,26.6701312566173,2.14393684573273,3.46034803448224e-15,-1.3772315820155,16.9355217342562,1.21013276197982e-15,20.2,0.252095038304672,0.0562545574144442,35.0253435813359,34.8991946023085,-10.8921071520744,135.494255235371,78.48,34.7869749852798,2.79645405170865,0,-34.9127204893294,-2.80653541302949,-4.52979261936343e-15,46.8801592567597
-39.0822545638532,4.76136051658176,5.29945466053967e-14,26.4787907202294,3.83198463584902,3.4041868406005e-15,-2.44829574678382,16.8141155895492,-5.57019461222811e-16,20.3,0.252123882721459,0.0562562767328565,35.0224068449095,34.9039604032587,-19.4691368356714,134.529862524548,78.48,34.5440921846733,4.99921463522442,0,-34.6613213232725,-5.01615244337924,-4.45615568978249e-15,46.8847228753113
-36.4483899117424,5.22834254383216,5.33321953520628e-14,26.1807947940078,5.50450204794367,3.37854475902947e-15,-3.50962258406413,16.6250160843494,1.22354696267663e-15,20.4,0.25215097337715,0.0562578917597204,35.0196494280356,34.9084356953994,-27.9681407711871,133.022984111029,78.48,34.1615409279858,7.1824789679738,0,-34.2703808293117,-7.2053344042073,-4.42247901378896e-15,46.889008309481
-33.8496099001745,5.86151891814047,5.36731979831883e-14,25.7773317599859,7.1547545179999,3.41156702658903e-15,-4.5569289086165,16.3689641653501,-5.58199991884267e-16,20.5,0.252176416726273,0.0562594087967812,35.0170603555204,34.9126382008872,-36.3548055606064,130.979614110939,78.48,33.6408339014739,9.33737653516722,0,-33.7414596097995,-9.36527732330572,-4.46559993507413e-15,46.8930325295875
-31.2963840674847,6.65832995793388,5.40145394691596e-14,25.2700156110935,8.77609518850238,3.38532334081352e-15,-5.58598658085523,16.0469724243924,-5.53893791657926e-16,20.6,0.252200312784223,0.0562608337680138,35.01462932674,34.916584559483,-44.5952651318112,128.407918477886,78.48,32.9840469481419,11.4551527367513,0,-33.0766744631725,-11.4872918194982,-4.43115033326341e-15,46.8968114694735
-28.7989995253388,7.61555680650162,5.43503174040716e-14,24.6608796818746,10.3619918785152,3.35999112871429e-15,-6.59263975639672,15.6603210263196,-5.4973765040074e-16,20.7,0.252222755514057,0.0562621722419131,35.0123466738452,34.9202903948111,-52.656238220975,125.31820209537,78.48,32.1938102824546,13.5272044693373,0,-32.2786901126533,-13.5628383541506,-4.39790120320592e-15,46.9003600899529
-26.3675194144201,8.72933422936472,5.46806221891999e-14,23.9523685687579,11.9060535917738,3.24673764879831e-15,-7.57282183392001,15.2105525447562,-5.3119760340695e-16,20.8,0.25224383319038,0.0562634294525103,35.0102033225954,34.9237703765441,-60.5051634538854,121.722867183692,78.48,31.2732974777065,15.545115058579,0,-31.3507086951812,-15.5835618842213,-4.2495808272556e-15,46.9036924383582
-24.0117422522398,9.99516603484137,5.50026544155996e-14,23.1473283734881,13.4020564546557,3.19405053714503e-15,-8.52257203281522,14.6994657279546,1.25378889242978e-15,20.9,0.252263628741621,0.056264610319185,35.0081907556506,34.9270382787669,-68.110331480263,117.636363194587,78.48,30.2262122720418,17.5006884039433,0,-30.2964570543006,-17.5413257748934,-4.18054357576377e-15,46.906821704428
-21.7411623387918,11.4079430554884,5.53224216244534e-14,22.2489953101003,14.8439689783191,3.20094658590414e-15,-9.43805153367102,14.1291082210951,1.25266962627034e-15,21,0.252282220071979,0.0562657194653368,35.0063009781647,34.9301070347553,-75.4410136273812,113.07512840087,78.48,29.0567732476562,19.3859822009036,0,-29.1201718896432,-19.4282448330128,-4.18949770503929e-15,46.9097602727622
-19.5649313814023,12.9619636176671,5.5639912276398e-14,21.2609827224261,16.2259765421497,3.11939811552373e-15,-10.3155591164898,13.5017682755665,1.26601948131041e-15,21.1,0.252299680364181,0.056266761235977,35.0045264855309,34.9329887883932,-82.4675865536449,108.057523421635,78.48,27.7696964460478,21.1933401092032,0,-27.8265828243216,-21.2367173263055,-4.08269886471873e-15,46.9125197720574
-17.4918214951042,14.6509564163549,5.59522508493541e-14,20.1872665655283,17.5425049989063,3.09790534723789e-15,-11.1515462336104,12.81996547977,-5.06813458763494e-16,21.2,0.252316078364206,0.0562677397143016,35.0028602331418,34.9356949424334,-89.161652399202,102.603756955795,78.48,26.3701759902899,22.9154227399781,0,-26.4208934599715,-22.9594558576133,-4.05450767010795e-15,46.9151111213208
-15.5301897292142,16.4681057025429,5.62624574819411e-14,19.032169410647,18.7882433056071,3.07676233909933e-15,-11.9426314566555,12.0864405498678,-2.27970418881549e-15,21.3,0.252331478648996,0.0562686587372996,35.0012956080368,34.9382362037996,-95.4961539490728,96.7358040279554,78.48,24.8638627931385,24.5452373391759,0,-24.9087604973096,-24.5895169681887,-4.02677879532189e-15,46.9175445732498
-13.6879442645345,18.4060786811619,5.65676304792509e-14,17.8003430391838,19.9581650882291,3.08604956987949e-15,-12.6856142393958,11.3041442226219,1.27149685604634e-15,21.4,0.25234594187817,0.0562695219104507,34.9998264023139,34.9406226261099,-101.44548434462,90.4773170805013,78.48,23.2568414373284,26.0761660498469,0,-23.2962710078755,-26.1203293493732,-4.03887986683131e-15,46.9198297549519
-11.9725124187603,20.4570550085027,5.68795978176822e-14,16.4967496969214,21.0475490526847,3.09422570778289e-15,-13.3774879412259,10.4762252960222,-5.06191222342136e-16,21.5,0.252359525030668,0.0562703326215635,34.9984467881974,34.942863649595,-106.985590901356,83.8535302744477,78.48,21.5556053216266,27.5019926414878,0,-21.5899179500781,-27.545720547758,-4.04952977873709e-15,46.9219757061694
-10.3908105902859,22.6127582695791,5.71894637894276e-14,15.1266420850576,22.0519981592817,3.10274622213061e-15,-14.0154520589635,9.60601786677993,1.26877768752633e-15,21.6,0.252372281627223,0.0562710940538017,34.997151294653,34.9449681385706,-112.094072615041,76.8911573887013,78.48,19.7670301730618,28.8169276006825,0,-19.7965740297291,-28.8599420551443,-4.06063321499134e-15,46.9239909151617
-8.94921626268502,24.8644893078503,5.75030872707137e-14,13.6955421697034,22.9674574829397,3.14025857932775e-15,-14.59692361791,8.69702781693493,-5.13710145034988e-16,21.7,0.252384261939479,0.0562718091979445,34.9959347854557,34.9469444166144,-116.750270963594,69.6182837329917,78.48,17.8983460322164,30.0156314837616,0,-17.9234640119025,-30.0576926812739,-4.10968116027991e-15,46.9258833523908
-7.65354218373827,27.203161272216,5.7814558543182e-14,12.2092188962281,23.7902306868117,3.08930571495271e-15,-15.1195476765262,7.75291860479791,1.27098722859439e-15,21.8,0.252395513186561,0.0562724808639246,34.9947924386158,34.9488002995906,-120.93535363955,62.0642525136405,78.48,15.9571078245161,31.0932364390944,0,-15.9781355971752,-31.1341401143517,-4.04295688644687e-15,46.9276605021434
-6.50901282401969,29.6193362392414,5.81298095557182e-14,10.6736648992269,24.5169950426208,3.2153707306988e-15,-15.5812069026702,6.77749641819483,1.25036977071775e-15,21.9,0.252406079719832,0.0562731116916848,34.9937197270802,34.9505431266512,-124.632390876361,54.2595461134911,78.48,13.9511646360605,32.0453658138808,0,-13.9684289810614,-32.0849405818132,-4.20789654946002e-15,46.9293293922186
-5.52024321077246,32.103263262195,5.84516675628439e-14,9.09507230289765,25.1448149369471,3.19232558190495e-15,-15.9800301831102,5.77469475049877,1.25414438330425e-15,22,0.252416003196534,0.0562737041613923,34.9927124006273,34.9521797893424,-127.826424061844,46.2356627676274,78.48,11.8886278176847,32.868151767921,0,-11.9024452207226,-32.9062565315582,-4.17769964876799e-15,46.9308966217983
-4.69122022314015,34.6449176927115,5.87712398251452e-14,7.47980771025337,25.6711538088628,3.19926075543386e-15,-16.3144002319308,4.74855846221005,-5.23342451247336e-16,22.1,0.252425322742981,0.0562742606030469,34.9917664688808,34.9537167589287,-130.504526363235,38.0249891348789,78.48,9.7778380455968,33.5582508247598,0,-9.78851353780788,-33.5947722619583,-4.18673960997869e-15,46.9323683876129
-4.02528642481232,37.2340416157499,5.90915240077282e-14,5.83438648283207,26.0938844706943,3.17647406766424e-15,-16.5829601675022,3.70322739287097,-5.19610769654848e-16,22.2,0.252434075107918,0.0562747832055198,34.9908781853727,34.9551601120473,-132.65585512059,29.6606692814737,78.48,7.62733147109343,34.1128572988093,0,-7.63515769052054,-34.1477074373153,-4.15688615723878e-15,46.9337505085066
-3.52512649983226,39.8601852340212,5.9406587483242e-14,4.16544641539004,26.4112977702596,3.09532990504829e-15,-16.7846190318446,2.64291958986837,-5.06333299983912e-16,22.3,0.252442294806643,0.0562752740250537,34.9900440325897,34.9565155547927,-134.271695798519,21.176470607491,78.48,5.44580509547826,34.5297145455118,0,-5.45106155171578,-34.5628284340558,-4.0506663998713e-15,46.935048448501
-3.192756346742,42.5127490342303,5.97077055877491e-14,2.47972091247088,26.6221095596596,2.95725528699324e-15,-16.9185562304901,1.57191422217812,-4.83743654490613e-16,22.4,0.25245001425642,0.0562757349932568,34.9892607079421,34.95778844533,-135.345497320336,12.6066472589243,78.48,3.24208150940233,34.8071239902816,0,-3.24503403298695,-34.8384574717811,-3.86994923592491e-15,46.9362673384486
-3.02951487544874,45.1810265643276,6.00039861397501e-14,0.784011775713847,26.7254659425748,2.99760811478989e-15,-16.9842248752974,0.494534248335303,1.28601559449084e-15,22.5,0.252457263903741,0.0562761679246207,34.9885251105962,34.9589838151252,-135.872898643474,3.98580157814849,78.48,1.02507313837852,34.9439519008249,0,-1.02597349728381,-34.9734794922909,-3.92272995927527e-15,46.9374119963625
-3.03605854022957,47.8542476485078,6.03042451435695e-14,-0.914838287700409,26.7209467789925,3.00770441656629e-15,-16.9813540170987,-0.584871091133816,1.28436714610798e-15,22.6000000000001,0.252464072343882,0.0562765745235883,34.9878343291189,34.9601063888788,-135.851746470367,-4.65125584666045,78.48,-1.19625386180388,34.9396338764425,0,1.19716819538163,-34.9673467588525,-3.9359175463382e-15,46.9384869465044
-3.21235863119381,50.5216218649408,6.06114025610689e-14,-2.60997332398031,26.6085674333542,3.1350965013889e-15,-16.9099497595314,-1.66194388591025,-5.12825027538337e-16,22.7000000000001,0.252470466433246,0.0562769563911995,34.9871856298812,34.9611606032413,-135.28210402477,-13.2696469670921,78.48,-3.41291591463976,34.794177037045,0,3.41542186315877,-34.8200811572349,-4.1026002203067e-15,46.939496437306
-3.55770133533763,53.1723821101697,6.09194256354172e-14,-4.29455184690372,26.3887787592211,3.05510552752563e-15,-16.7702952499146,-2.7323352014145,-4.99737704407114e-16,22.8000000000001,0.252476471394913,0.0562773150313388,34.9865764461762,34.9621506243851,-134.166250859509,-21.8345673257631,78.48,-5.61594839149758,34.5081599038,0,5.6198372516898,-34.5322741893529,-3.99790163525691e-15,46.9404444581961
-4.07069056709999,55.7958280737827,6.12253874663291e-14,-5.96177449493431,26.062465320696,3.09387601302573e-15,-16.5629495475536,-3.79172268627322,-5.06076948460839e-16,22.9000000000001,0.252482110917802,0.0562776518566087,34.9860043680048,34.9630803645043,-132.508673697854,-30.3114268030356,78.48,-7.79644189305522,34.0827299725682,0,7.80151921048022,-34.1050846597184,-4.04861558768672e-15,46.9413347553991
-4.74925355710691,58.3813694473416,6.15351948216174e-14,-7.60491151922422,25.6309418579713,3.102411777079e-15,-16.2887453743751,-4.83582807050301,-5.07470705444074e-16,23.0000000000001,0.252487407249837,0.0562779681938501,34.9854671324898,34.9639534973053,-130.31604834684,-38.6659894903013,78.48,-9.94557829774694,33.5195989905177,0,9.95166364958576,-33.5402340642405,-4.05976564355259e-15,46.9421708467698
-5.59064917661811,60.9185686926455,6.18458730299587e-14,-9.21732999116888,25.0959480114732,3.08119926166826e-15,-15.9487857572966,-5.86043448366184,-5.03998607580279e-16,23.1000000000001,0.252492381285468,0.0562782652893324,34.984962614878,34.9647734725529,-127.597212756884,-46.8645121245744,78.48,-12.0546664323184,32.8210359555039,0,12.0615931308301,-32.8399997002241,-4.03198886064223e-15,46.9429560357215
-6.59147896411121,63.3971831962047,6.2157359432023e-14,-10.7925206193437,24.4596413261147,3.14867285615402e-15,-15.5444395761913,-6.86140352296868,-5.15033202532678e-16,23.2000000000001,0.252497052647899,0.0562785443136296,34.9844888200948,34.9655435297276,-124.363131337723,-54.8738805250402,78.48,-14.1151772210993,31.9898578669277,0,14.1227919492914,-32.007205525637,-4.12026562026142e-15,46.9436934243042
-7.74770080949833,65.8072066393037,6.246966554596e-14,-12.3241240672591,23.724588564117,3.09758855788566e-15,-15.0773360357191,-7.83469200242381,-5.06675223820363e-16,23.3000000000001,0.252501439766328,0.0562788063662056,34.9840438748168,34.9662667108495,-120.626850675961,-62.6617434803671,78.48,-16.118778172693,31.029418265797,0,16.126940562902,-31.0452108048203,-4.0534017905629e-15,46.9443859254847
-9.0546452407119,68.1389094162159,6.2779865387332e-14,-13.805956665415,22.8937553616947,3.10606087154207e-15,-14.5493580836192,-8.77636831526874,-5.08059124157356e-16,23.4000000000001,0.252505559948506,0.0562790524797209,34.9836260200307,34.9669458725194,-116.403446834196,-70.1966435459591,78.48,-18.0573670654371,29.9435936105834,0,18.0659492306802,-29.9578965867742,-4.06447299325885e-15,46.9450362746765
-10.5070342468652,70.3828779370022,6.30909055779222e-14,-15.2320354136074,21.9704942715906,3.17360781005103e-15,-13.9626348023038,-9.68262834370367,1.25725089170635e-15,23.5000000000001,0.252509429448902,0.0562792836240816,34.9832336040481,34.9675836972253,-111.709964445581,-77.4481442228743,78.48,-19.9231046962044,28.7367675441504,0,19.9319907233543,-28.7496500709055,-4.15284758155121e-15,46.9456470405669
-12.0990025619289,72.5300526558492,6.34085973000837e-14,-16.5966021723326,20.9585312399608,3.15124911073068e-15,-13.3195328047193,-10.5498108516234,-5.15447021997835e-16,23.6000000000001,0.252513063532731,0.0562795007102437,34.9828650759482,34.9681827039583,-106.565347850807,-84.3869530048125,78.48,-21.708446560871,27.4138131154937,0,21.717531973924,-27.4253469236687,-4.12357617598268e-15,46.9462206352822
-13.8241213229118,74.5717646710718,6.37270559629006e-14,-17.89414694543,19.8619505724353,3.24718902210071e-15,-12.6226466694485,-11.3744122982342,1.2452186764948e-15,23.7000000000001,0.252516476536097,0.0562797045937877,34.9825189794225,34.9687452581815,-100.990364556541,-90.9850397963145,78.48,-23.4061733390692,25.9800730282468,0,23.4153645400222,-25.990331617806,-4.24910530324357e-15,46.9467593239341
-15.6754240069282,76.4997707486933,6.40520701791053e-14,-19.1194301598007,18.6851784502751,3.22363279639166e-15,-11.8747884538934,-12.1531010127626,1.24907328793757e-15,23.8000000000001,0.25251968192249,0.0562798960782773,34.9821939469965,34.9692735811901,-95.0075213252858,-97.2157502240526,78.48,-25.0094200606416,24.4413379958319,0,25.0186337547798,-24.4503958738805,-4.21826841170147e-15,46.9472652335825
-17.6454345423204,78.306286627905,6.4377708535669e-14,-20.2675038521043,17.4329650633997,3.25918652087013e-15,-11.0789763280834,-12.8827306730599,-2.30945437252876e-15,23.9000000000001,0.25252269233585,0.056280075918416,34.9818886946045,34.9697697589007,-88.6409732363731,-103.053913383765,78.48,-26.5117038365139,22.8038232907445,0,26.5208664482196,-22.8117552914588,-4.26478026502804e-15,46.9477403616521
-19.7261974802111,79.9840184736626,6.4700975997143e-14,-21.3337316767736,16.1103654326388,3.26552259474469e-15,-10.2384223751925,-13.5603530337223,-2.31048936221824e-15,24.0000000000001,0.252525519650417,0.0562802448230119,34.9816020164968,34.9702357501047,-81.9164260860865,-108.475943587888,78.48,-27.9069500424691,21.0741435827185,0,27.9159971270157,-21.0810242646088,-4.27306018254394e-15,46.948186583835
-21.9093101045337,81.526192349183,6.50248719189973e-14,-22.3138076544626,14.722718998849,3.27175600628532e-15,-9.35651960820002,-14.1832298523869,-5.35150799546507e-16,24.1000000000001,0.252528175017544,0.0562804034577642,34.9813327804588,34.9706733942177,-74.8610325217803,-113.459935703194,78.48,-29.1895168505286,19.2592861673987,0,29.1983925067087,-19.2651892833,-4.28120639637205e-15,46.9486056615124
-24.1859563507492,82.9265815891175,6.53523226924655e-14,-23.2037735851453,13.2756280615119,3.27740797338079e-15,-8.43682825528035,-14.7488439661067,-5.36074046054799e-16,24.2000000000001,0.252530668909674,0.0562805524478802,34.981079923322,34.9710844185567,-67.503282330101,-117.985753693667,78.48,-30.3542180092882,17.3665826936223,0,30.3628742971464,-17.3715807288089,-4.28859236843839e-15,46.9489992487222
-26.5469423961516,84.1795319626756,6.5680334071389e-14,-24.0000350554923,11.7749351540674,3.31257431053433e-15,-7.48306136944792,-15.2549094731439,-5.41824914036862e-16,24.3000000000001,0.252533011161645,0.0562806923805348,34.9808424467496,34.9714704451731,-59.872887322982,-122.035112011296,78.48,-31.3963437816034,15.4036795034494,0,31.404740149002,-15.4078432773044,-4.3345993122949e-15,46.9493688987027
-28.9827337779046,85.2799845249149,6.60118334858262e-14,-24.6993759758399,10.2266994475236,3.31756428821542e-15,-6.49906982070015,-15.6993809791383,1.23371683041839e-15,24.4000000000001,0.252535211009483,0.0562808238071805,34.9806194132799,34.9718329972695,-52.0006612868433,-125.591649506371,78.48,-32.3116799554292,13.3785067046669,0,32.3197826766712,-13.3819050314026,-4.34112007185485e-15,46.9497160700366
-31.4834938887838,86.2234960637681,6.63467886258371e-14,-25.2989715880189,8.63717227780042,3.35159484287298e-15,-5.48882673138259,-16.0804618703884,-5.48205203180777e-16,24.5000000000001,0.252537277126839,0.0562809472457176,34.980409942612,34.9721735052245,-43.9183954803227,-128.640995559091,78.48,-33.0965248513771,11.2992461005903,0,33.1043064806391,-11.3019455046068,-4.38564162544621e-15,46.9500421324209
-34.0391236950286,87.0062570601003,6.66821583652138e-14,-25.7963998914958,7.01277189579753,3.35595197529934e-15,-4.45641141773788,-16.3966115809121,-5.48916901394852e-16,24.6000000000001,0.252539217659214,0.056281063182533,34.9802132081171,34.9724933122511,-35.6587301837962,-131.170828165714,78.48,-33.7477042586141,9.17429810658937,0,33.7551431005072,-9.17636258817255,-4.39133521115881e-15,46.9503483720844
-36.6393025157747,87.6251070881516,6.70120875024249e-14,-26.1896514416768,5.36005754230388,3.27238101903017e-15,-3.40599290258392,-16.6465518240205,-5.35246706712389e-16,24.7000000000001,0.252541040256097,0.0562811720744157,34.9800284335647,34.9727936797088,-27.2550228198482,-133.170923744974,78.48,-34.2625842390699,7.0122477868452,0,34.2696638382467,-7.01373863403552,-4.28197365369911e-15,46.9506359968753
-39.2714404944898,88.0948995226377,6.73426335116865e-14,-26.4417752270465,4.03363827471347,3.33867425322099e-15,-2.18108410088242,-13.325793679024,-5.26635929941386e-16,24.8000000000001,0.214581125084856,0.0542454790590197,33.7529969359524,34.9256537360334,-16.2894205693461,-106.783149380627,78.48,-34.5262424376405,5.26686548400271,0,33.3669901999272,-5.09006553556764,-4.21308743953109e-15,46.9054958989716
-41.9242372959132,88.4444644871062,6.76768958869822e-14,-26.6065999608057,2.95650896036135,3.34624215994865e-15,-1.42146915774582,-10.8042185689923,1.2592021887012e-15,24.9000000000001,0.188175360574561,0.053103348083841,33.0984187229203,34.8549991141612,-9.62591363172226,-86.6277038508153,78.48,-34.6417897768555,3.84933296875272,0,32.8959501466112,-3.65537766987613,-4.13723720559243e-15,46.8378387000018
-44.5906162167484,88.696303673021,6.80089794381305e-14,-26.7158659892904,2.07964626898059,3.29555120632459e-15,-0.939406060078327,-8.78656399537774,-5.03243082205523e-16,25.0000000000001,0.169101077494194,0.0524181483504216,32.7356400686199,34.7730204157024,-5.48400984492718,-70.4505887959282,78.48,-34.6681455505447,2.69863538053985,0,32.6369069148453,-2.54055854763357,-4.02594465764418e-15,46.7593378324585
-47.2660567102125,88.8688132997629,6.83389885875781e-14,-26.7894898338166,1.37019987461431,3.334359140733e-15,-0.632755359173519,-7.10434038377672,1.2708484957398e-15,25.1000000000001,0.15501041139438,0.051987294790099,32.5340178036365,34.6863935154987,-2.91247487643542,-56.944625904841,78.48,-34.6411144964676,1.77174534136517,0,32.4915464995149,-1.66184250673793,-4.0440667492836e-15,46.676385956588
-49.9476715894359,88.9776047310107,6.8672882616708e-14,-26.8405066888365,0.805436456916434,3.37279852581305e-15,-0.441272647481613,-5.65311896483546,1.26723864063859e-15,25.2000000000001,0.14450373689856,0.0517076840670805,32.4268207678188,34.5989562568236,-1.35902180552482,-45.2900635871944,78.48,-34.5833899055939,1.03774597048607,0,32.4122305312658,-0.972634101975406,-4.07294559009328e-15,46.5926581005639
-52.6336545276694,89.0363510354528,6.90164528397073e-14,-26.8776604433311,0.369382127608279,3.43951608635769e-15,-0.326914920003362,-4.3636181175782,-2.29422514809402e-15,25.3000000000001,0.136705795624864,0.0515231662921531,32.3775847780936,34.5129868893572,-0.480118320466324,-34.9382485069939,78.48,-34.5097286323023,0.474229638253699,0,32.3745275927417,-0.444926071885361,-4.14294646955014e-15,46.5103358625298
-55.3229262856211,89.0573660129834,6.93548945488799e-14,-26.9068451581473,0.0508573964295053,3.35904497867812e-15,-0.264075608200691,-3.18697385116595,1.27129610962083e-15,25.4000000000001,0.131053492116994,0.0514016729457023,32.3654257989787,34.4298667195436,-0.0481675560236335,-25.499652267358,78.48,-34.4298052945826,0.0650361643375234,0,32.3653679850007,-0.0611747063070897,-4.04048583823537e-15,46.4307419489476
-58.0148932386755,89.0520249925813,6.96912497539692e-14,-26.9319373395841,-0.157709643129871,3.36773244025863e-15,-0.234329695159019,-2.08659288563002,-5.06085119916781e-16,25.5000000000001,0.127182558418669,0.0513244108688732,32.3780743729328,34.3504481447925,0.0977021568490486,-16.6811528396629,78.48,-34.3498589655777,-0.201188451461092,0,32.3775192474565,0.189598206083817,-4.04868095933425e-15,46.3546925954665
-60.7092709367772,89.031090085145,7.00254842146199e-14,-26.9552785834137,-0.26100128344006,3.34712987570522e-15,-0.223367251840352,-1.03328874272749,-5.0300883384539e-16,25.6000000000001,0.124864597059092,0.0512804576154149,32.4083721624552,34.2752730196689,0.079874941053364,-8.24819364099388,78.48,-34.273665990396,-0.33190382886497,0,32.4068530346199,0.313787528038896,-4.02407067076312e-15,46.2827066692342
-63.4059445727674,89.004978837272,7.03576946778324e-14,-26.9779385480993,-0.261221199116494,3.29719809541049e-15,-0.219021035477539,-0.00212577180837065,-4.95762394532258e-16,25.7000000000001,0.123972053772778,0.0512639950411229,32.4524617314258,34.2047125420271,-1.47652040000731e-16,1.52470881094707e-14,78.48,-34.2031088148526,-0.331221198081952,0,32.4509405310323,0.314215023614972,-3.96609915625806e-15,46.2151396205583
-66.1048092489123,88.9788463236461,7.06879080527625e-14,-26.999116008899,-0.261426759451608,3.33634740702995e-15,-0.204688947156524,-0.0019869915807023,-5.02007841744224e-16,25.8000000000001,0.123777648574011,0.0512604433797609,32.5011796781566,34.1387684069793,0,0,78.48,-34.1371677655027,-0.330583265289596,0,32.4996561882505,0.314687332643978,-4.01606273395379e-15,46.1519930726383
-68.805721590969,88.9526939325861,7.10190224528979e-14,-27.0189074198825,-0.261618898400146,3.28650919891239e-15,-0.191289693101183,-0.00185724390020326,-4.94839500566862e-16,25.9000000000001,0.123596380126753,0.0512571426945098,32.5467505969003,34.0771402679069,0,0,78.48,-34.0755425098063,-0.329987122459744,0,32.5452249649968,0.315129171258118,-3.9587160045349e-15,46.0929794206384
-71.5085475563912,88.9265229620532,7.13452110284703e-14,-27.0374030280728,-0.261798489816535,3.23738052363921e-15,-0.178763196508268,-0.00173594706682337,-4.87746823172315e-16,26.0000000000001,0.123427339562922,0.0512540742090352,32.5893741060059,34.019547106204,0,0,78.48,-34.0179520423298,-0.329430048695466,0,32.5878464702636,0.315542472160879,-3.90197458537852e-15,46.0378295677713
-74.2131618333596,88.9003346254692,7.16724209518185e-14,-27.0546872641437,-0.261966351237713,3.30649191864764e-15,-0.167053168074049,-0.00162255605202916,-4.98449918222401e-16,26.1000000000001,0.123269683597898,0.0512512206825074,32.6292376338328,33.9657260146911,0,0,78.48,-33.9641334682175,-0.32890949845272,0,32.6277081236251,0.315929050036487,-3.98759934577921e-15,45.9862917603248
-76.9194472776995,88.8741300571693,7.20005899151043e-14,-27.0708391096508,-0.262123247438756,3.28661316258448e-15,-0.156106877714836,-0.00151656028866699,-4.95723331552441e-16,26.2000000000001,0.12312262945616,0.0512485662680745,32.6665171015585,33.9154310541024,0,0,78.48,-33.9138408597319,-0.328423090469632,0,32.6649858380132,0.316290608160296,-3.96578665241953e-15,45.9381304926601
-79.6272943853997,88.8479103175092,7.23326834627772e-14,-27.0859324420568,-0.262269893773516,3.3845399004564e-15,-0.145874938671974,-0.00141748158071395,1.26560310556741e-15,26.3000000000001,0.122985450231851,0.0512460963862411,32.7013775760496,33.8684321787147,0,0,78.48,-33.8668441819332,-0.327968597365081,0,32.6998446725574,0.316628744719369,-4.08602987066274e-15,45.8931254784204
-82.3366007985755,88.8216763976487,7.26744727442567e-14,-27.100036358768,-0.26240695931205,3.45137261507053e-15,-0.136311103516387,-0.00132487212820277,-5.21087147568148e-16,26.4000000000001,0.122857470641959,0.0512437976113764,32.7339738928934,33.8245142273394,0,0,78.48,-33.8229282837185,-0.327543935869837,0,32.7324394555874,0.316944958844215,-4.16869718054519e-15,45.8510706843276
-85.0472708428338,88.7954292240313,7.30170172447318e-14,-27.1132154813439,-0.262535069786086,3.39964375899752e-15,-0.127372071558872,-0.00123831266260142,1.2628515302069e-15,26.5000000000001,0.122738063134486,0.0512416575698074,32.7644512499121,33.7834759760469,0,0,78.48,-33.7818919505905,-0.327147157655596,0,32.7629153781195,0.317240656354785,-4.10804247354682e-15,45.811773423094
-87.7592150941151,88.7691696625783,7.33603032453533e-14,-27.1255302409987,-0.262654810353358,3.43659848731905e-15,-0.119017307168629,-0.00115741068777861,-5.19302775132044e-16,26.6000000000001,0.122626644318057,0.0512396648481575,32.7929457716659,33.7451292491495,0,0,78.48,-33.7435470156827,-0.326776440727856,0,32.7914085583337,0.317517155225627,-4.15442220105635e-15,45.7750535021208
-90.4723499731946,88.7428985226153,7.3701379271869e-14,-27.137037146459,-0.262766728191114,3.38504856435085e-15,-0.111208868503911,-0.00108179882176788,1.2646452952611e-15,26.7000000000001,0.122522671683082,0.0512378089107602,32.8195850455953,33.709298085125,0,0,78.48,-33.707717525721,-0.326430081350627,0,32.8180465776897,0.317775690776484,-4.09369235311319e-15,45.7407424248058
-93.1865973661295,88.7166165605471,7.40432146992091e-14,-27.1477890351942,-0.262871334928639,3.45178827544983e-15,-0.103911246163586,-0.00101113323459805,-5.21989590505919e-16,26.8000000000001,0.12242564058769,0.0512360800251287,32.8444886305656,33.675817954313,0,0,78.48,-33.6742389587577,-0.32610648647252,0,32.842948989449,0.318017420595736,-4.17591672404735e-15,45.7086826414278
-95.9018842690384,88.6903244832974,7.43887345945398e-14,-27.1578353089886,-0.262969108928177,3.45874071130452e-15,-0.097091211276485,-0.000945092177482766,-5.23218064082978e-16,26.9000000000001,0.122335081484494,0.0512344691945877,32.8677685386664,33.6445350253725,0,0,78.48,-33.6429574906625,-0.325804166624782,0,32.8662278004507,0.31824342920492,-4.18574451266383e-15,45.6787268467238
-98.6181424556938,88.6640229515274,7.47320054397406e-14,-27.1672221547744,-0.263060497423139,3.40680442042454e-15,-0.0907176725560008,-0.000883374598787373,-5.15524471044811e-16,27.0000000000001,0.122250557366685,0.0512329680972855,32.8895296911807,33.6153054776336,0,0,78.48,-33.6137293075076,-0.325521729263493,0,32.8879879270596,0.318454732473194,-4.12419576835849e-15,45.6507373214137
-101.335308166497,88.6377125826472,7.50730591479783e-14,-27.1759927515989,-0.26314591852207,3.41439969305823e-15,-0.0847615418599101,-0.000825698842395028,-5.16826490816528e-16,27.1000000000001,0.122171661414147,0.0512315690309008,32.9098703496843,33.5879948566257,0,0,78.48,-33.5864199611252,-0.325257872530198,0,32.9083276262459,0.318652281791038,-4.13461192653222e-15,45.6245853150685
-104.053321817492,88.6113939536338,7.54119277348366e-14,-27.1841874645544,-0.263225763086381,3.42231101771878e-15,-0.0791956078093428,-0.000771801424040174,-5.18167017397977e-16,27.2000000000001,0.122098014822197,0.0512302648624387,32.9288825232667,33.5624774702023,0,0,78.48,-33.5609037652608,-0.325011379405109,0,32.927338902786,0.318836968012787,-4.14533613918381e-15,45.6001504678542
-106.772127728153,88.5850676036664,7.575451898283e-14,-27.1918440264556,-0.263300396489454,3.4592508818386e-15,-0.0739944170359106,-0.00072143588152801,-5.23895112732592e-16,27.3000000000001,0.122029264797281,0.0512290489825848,32.9466523528776,33.5386358228206,0,0,78.48,-33.5370632298793,-0.324781112229943,0,32.945107893592,0.319009625177719,-4.19116090186074e-15,45.5773202688109
-109.491673866756,88.5587340365924,7.61007757309694e-14,-27.1989977080046,-0.263370160264275,3.46601666400587e-15,-0.0691341626420163,-0.000674371694776875,1.25131058820883e-15,27.4000000000001,0.121965082705469,0.0512279152641476,32.9632604738113,33.5163600856657,0,0,78.48,-33.5147885313145,-0.324566007577701,0,32.9617152301783,0.319171034019486,-4.20037000953135e-15,45.5559895484567
-112.211911612225,88.5323937232331,7.64477035117983e-14,-27.2056814771468,-0.263435373646421,3.4430626170603e-15,-0.0645925794754749,-0.000630393271837032,1.25467035871855e-15,27.5000000000001,0.12190516236095,0.0512268580241742,32.9787823573337,33.4955476004361,0,0,78.48,-33.4939770160771,-0.324365071448326,0,32.9772363802733,0.31932192527363,-4.17349184545359e-15,45.5360600036241
-114.932795531397,88.5060471035405,7.67953132093642e-14,-27.2119261482789,-0.263496335018782,3.44959969878409e-15,-0.0603488458366259,-0.000589298997204717,-5.22786877252095e-16,27.6000000000001,0.121849218442933,0.0512258719893705,32.9932886324473,33.4761024147282,0,0,78.48,-33.4745327362617,-0.324177374770442,0,32.9917419695687,0.319462982792804,-4.18229501801676e-15,45.5174397525551
-117.654283170732,88.4796945886143,7.71376722274966e-14,-27.2177605219332,-0.263553323264075,3.39771004426867e-15,-0.0563834912525367,-0.000550900338848165,-5.15024154566756e-16,27.7000000000001,0.121796985030442,0.0512249522645017,33.0068453887696,33.457934847074,0,0,78.48,-33.4563660146043,-0.324002049189936,0,33.005298084584,0.319594846479151,-4.12019323653405e-15,45.5000429183918
-120.376334861528,88.4533365625878,7.74748809147038e-14,-27.2232115155291,-0.263606599030876,3.34659129282468e-15,-0.0526783099698855,-0.000515021010625581,-5.07368681159301e-16,27.8000000000001,0.121748214245458,0.0512240943034804,33.019514461479,33.4409610797976,0,0,78.48,-33.4393930373582,-0.323838283128079,0,33.0179665575991,0.319718115043074,-4.05894944927441e-15,45.4837892393054
-123.098913537806,88.4269733843915,7.78070158264164e-14,-27.2283042857456,-0.263656405918503,3.29623276082766e-15,-0.0492162798344928,-0.000481496186835101,1.2765372171635e-15,27.9000000000001,0.121702674995712,0.0512232938828874,33.0313536992562,33.4251027779625,0,0,78.48,-33.423535473259,-0.323685318092058,0,33.0298052345831,0.319833348597377,-3.99855697789402e-15,45.4686037036086
-125.821984566018,88.4006053894018,7.81370907707612e-14,-27.2330623430371,-0.263702971585854,3.30539016084027e-15,-0.0459814862417982,-0.000450171765885556,-5.01288467706618e-16,28.0000000000001,0.121660151809243,0.0512225470776919,33.0424172161181,33.4102867327803,0,0,78.48,-33.4087201169505,-0.323542445222546,0,33.0408682270161,0.319941071095462,-4.01030774165295e-15,45.4544162082931
-128.545515585844,88.3742328909829,7.84651358415304e-14,-27.2375076593107,-0.26374650879401,3.25563578580496e-15,-0.0429590818584913,-0.000420903980363714,-4.93816701452911e-16,28.1000000000001,0.121620443748802,0.0512218502388861,33.0527556292309,33.3964447771827,0,0,78.48,-33.3948788045598,-0.323409004476703,0,33.0512061496918,0.320041772633794,-3.95053361162329e-15,45.4411505837518
-131.269476361897,88.3478561819226,7.87912032520884e-14,-27.2416607791781,-0.263787216483485,3.26538607059618e-15,-0.0401352912483857,-0.000393559441953288,-4.95364863198867e-16,28.2000000000001,0.121583363310725,0.0512211999712921,33.0624163066922,33.3835140706112,0,0,78.48,-33.3819486984743,-0.323284387386549,0,33.0608663684872,0.320135911850923,-3.96291890559094e-15,45.4286974541605
-133.993838645194,88.3214755357733,7.9115277403581e-14,-27.245540895821,-0.263825280508781,3.21622020840158e-15,-0.0374969222161115,-0.000368010409223796,-4.87970027374996e-16,28.3000000000001,0.121548735654032,0.0512205931175471,33.0714435344416,33.3714333564952,0,0,78.48,-33.369868544995,-0.323168000817216,0,33.0698931672661,0.320223917543426,-3.90376021899997e-15,45.4170629237802
-136.718576041932,88.2950912081234,7.94403704958043e-14,-27.2491659370054,-0.263860874471247,3.28531729678632e-15,-0.0350318236536573,-0.000344139221705501,1.27784248496089e-15,28.4000000000001,0.121516397751005,0.0512200267410394,33.0798787080035,33.3601468169375,0,0,78.48,-33.3585825288416,-0.323059304295966,0,33.0783279396123,0.320306190522322,-3.98811483551491e-15,45.4061932362675
-139.44366389167,88.2687034377764,7.97723210146724e-14,-27.2525526554881,-0.263894160594484,3.35336796171509e-15,-0.0327286376323119,-0.00032183589913904,1.26745848063041e-15,28.5000000000001,0.121486197509418,0.0512194981086384,33.0877605355483,33.3496022924193,0,0,78.48,-33.3480384929403,-0.322957792772239,0,33.0862093918818,0.320383105579127,-4.07118687015875e-15,45.39603815854
-142.169079153712,88.2423124478509,8.01110024792571e-14,-27.2557167057376,-0.263925290467213,3.39078562934019e-15,-0.0305767480236492,-0.000300997644021792,1.26172528802195e-15,28.6000000000001,0.121457993026351,0.0512190046759867,33.0951252100746,33.3397510429302,0,0,78.48,-33.3381876995657,-0.322862994305074,0,33.0935737153765,0.3204550131529,-4.11705241102638e-15,45.3865507507292
-144.894800300904,88.2159184468096,8.04534196590182e-14,-27.2586727156822,-0.263954405738012,3.42763097248902e-15,-0.0285662323978668,-0.0002815283758495,1.25608139770711e-15,28.7000000000001,0.121431651894522,0.0512185440739289,33.1020065708525,33.3305475245806,0,0,78.48,-33.3289846069633,-0.322774467900126,0,33.1004547477803,0.32052224089333,-4.16220353354515e-15,45.3776871510433
-147.62080722037,88.1895216294198,8.07965327050711e-14,-27.2614343538039,-0.263981638764977,3.40515381597834e-15,-0.0266878169969926,-0.000263338295122859,-5.16911689919581e-16,28.8000000000001,0.121407050557241,0.0512181140959834,33.1084362547594,33.3219491807059,0,0,78.48,-33.3203866604636,-0.322691801486948,0,33.1068841244877,0.320585095125965,-4.13529351935665e-15,45.3694063745868
-150.347081120742,88.1631221776522,8.11315383590796e-14,-27.2640143918754,-0.264007113223192,3.29508491717203e-15,-0.0249328345920761,-0.00024634347532327,-5.00246348149262e-16,28.9000000000001,0.121384073708397,0.0512177126867672,33.1144438381082,33.3139162465368,0,0,78.48,-33.3123540971614,-0.322614610027969,0,33.1128914204248,0.320643862225383,-4.0019707851941e-15,45.3616701252447
-153.073604445455,88.1367202615203,8.14555975658816e-14,-27.2664247636188,-0.264030944672722,3.18667368169716e-15,-0.0232931850446025,-0.000230465481034697,-4.83827027610589e-16,29.0000000000001,0.121362613734186,0.0512173379312946,33.1200569695356,33.306411566564,0,0,78.48,-33.3048497632893,-0.322542533750105,0,33.1185042829324,0.320698809901827,-3.87061622088471e-15,45.3544426197927
-155.800360791713,88.110316039865,8.17748185288689e-14,-27.2686766195493,-0.264053241089662,3.19741695340099e-15,-0.0217612984029749,-0.000215631010604067,-4.85494935597691e-16,29.1000000000001,0.12134257019355,0.0512169880450782,33.1253014944906,33.2994004237844,0,0,78.48,-33.2978389434717,-0.322475236491329,0,33.1237485562479,0.320750188406497,-3.88395948478152e-15,45.3476904234501
-158.527273775191,88.0787545272969,8.20921443835027e-14,-27.2694952122956,-0.367177262321907,3.14922159571981e-15,-0.005560041820595,-1.03124578214485,1.29803797035238e-15,29.2000000000001,0.121992956642954,0.0512284074688503,33.1375765159041,33.2931363078608,0.111064829311632,-8.24783262131515,78.48,-33.2901181699277,-0.448282774646988,0,33.1345730060513,0.446149138803333,-3.82655095238293e-15,45.3416576636051
-161.254136879461,88.0316109436911,8.24076235358482e-14,-27.2674829631154,-0.57569153390857,3.13087539974809e-15,0.0286283545137849,-2.08504503457668,-4.75898750731567e-16,29.3000000000001,0.124020648001847,0.0512648847305396,33.1650448838619,33.2881785458872,0.35213223553516,-16.6777219265805,78.48,-33.280761124172,-0.702687625237866,0,33.1576557247472,0.700049275204938,-3.80719000585253e-15,45.3368830094128
-163.980535556301,87.9581082780843,8.27271773966728e-14,-27.259858583904,-0.894346631176911,3.25987430817202e-15,0.0951870460935824,-3.18605920820505,-2.27252441372069e-15,29.4000000000001,0.127544371489052,0.051331427854031,33.2104465906474,33.2851707956915,0.836179103640657,-25.4859841947739,78.48,-33.2672702551835,-1.09147820268424,0,33.1925875202915,1.08898873181778,-3.96934059456348e-15,45.3339863461285
-166.705692471351,87.8468510182546,8.30506914419601e-14,-27.2421134281158,-1.33075116181399,3.1809260414822e-15,0.212413899173322,-4.36253015186358,-2.26151181483248e-15,29.5000000000001,0.132780770998944,0.0514377071878822,33.2793816022755,33.2849483907842,1.70486943715058,-34.8999304088186,78.48,-33.245304653664,-1.62404059746978,0,33.2397464099,1.62372979137972,-3.88123980345781e-15,45.3337721554254
-169.428265603267,87.685504542346,8.33663856475588e-14,-27.2074049262783,-1.89605899831422,3.16223102991821e-15,0.405367842348828,-5.64929801829602,-4.83809400400959e-16,29.6000000000002,0.140079017290845,0.0516005790374535,33.3818077334782,33.2886993872033,3.15005693710709,-45.2008179272564,78.48,-33.2081554930488,-2.31428512527713,0,33.3010412947324,2.32071890616537,-3.87047520320767e-15,45.3373846142068
-172.146064779422,87.4603836267986,8.36742921478389e-14,-27.1455180041492,-2.60609249151061,2.96686893078186e-15,0.710602464436207,-7.09193681405895,1.32030234028109e-15,29.7000000000002,0.149983547491358,0.0518490766327053,33.5350342928827,33.2982349475443,5.44910040588233,-56.7580851871764,78.48,-33.1458311546391,-3.18218913485929,0,33.3815504642464,3.20477980956406,-3.64843599295328e-15,45.3465679923924
-174.855627178099,87.1558925406313,8.39686938608952e-14,-27.0410561711923,-3.48317230750225,2.92128421959117e-15,1.18466713300705,-8.75334849958471,-2.22864514103877e-15,29.8000000000002,0.163348264317194,0.0522345121572555,33.7698051694643,33.3164839142337,9.02772541348268,-70.0846630835234,78.48,-33.0434755010544,-4.25638663875937,0,33.4930871516281,4.31426172560503,-3.61830641310816e-15,45.3641429598419
-177.551540561142,86.7537191348365,8.42615070327391e-14,-26.8701504758103,-4.55917351010712,2.96424207668628e-15,1.92054758891488,-10.7249650338407,1.31216566467642e-15,29.9000000000002,0.181553437730261,0.0528521802157314,34.1433814200138,33.3484723256563,14.5806662113988,-85.9326565430263,78.48,-32.8785476006596,-5.57868390628393,0,33.6622621005798,5.71162017858473,-3.71352939779067e-15,45.3949499254682
-180.225288355051,86.2316052442853,8.45614521507026e-14,-26.5940677200406,-5.88085935745299,3.00518612178564e-15,3.08221676171067,-13.1469216561237,1.29680442914406e-15,30.0000000000002,0.206947209177942,0.0538921913111364,34.7701510895454,33.4034430914678,23.3232561658983,-105.47043157184,78.48,-32.6154972333759,-7.21244414776126,0,33.9499751611629,7.50750247061175,-3.83641928204949e-15,45.4478628988323
-182.863110696569,85.5613441119119,8.48624655667021e-14,-26.1456301207449,-7.51977533655995,2.98512359543316e-15,4.98509759804154,-16.2464589609049,1.28394014040649e-15,30.1000000000002,0.243835856454732,0.0557732884596659,35.901919774684,33.4999829299989,37.572410151822,-130.635543384575,78.48,-32.1948436313559,-9.25963821446397,0,34.5032142638662,9.92350991179982,-3.93933359195011e-15,45.5403071705719
-185.451095700083,84.7286698656051,8.51644267470045e-14,-25.5975957688062,-9.12809155490316,3.05375025789992e-15,5.97249287779942,-15.9096567036446,-5.03467207299109e-16,30.2000000000002,0.244358165287164,0.0558030724746745,35.8443117516933,33.5905649162974,45.6571166021372,-128.034209895554,78.48,-31.6390701774162,-11.2825214249528,0,33.7618965976744,12.0394776913503,-4.02773765839287e-15,45.6270463435755
-187.979372742343,83.7369497785466,8.54702348455063e-14,-24.9518123365796,-10.6996771843199,3.06255687787358e-15,6.93941864226534,-15.5120222173387,-5.04666113347203e-16,30.3000000000002,0.244849792988464,0.0558311872801432,35.7903637513149,33.6755610545303,53.5716932361859,-124.929599710429,78.48,-30.9499938293653,-13.271823322349,0,32.8936497313021,14.1052452940686,-4.03732890677762e-15,45.7084366402567
-190.438275847952,82.5901592177822,8.57739814094846e-14,-24.2105241544324,-12.228505747412,3.01251555006765e-15,7.88193851830179,-15.0547356445874,1.28016952546018e-15,30.4000000000002,0.245312476510985,0.0558577180167275,35.7398349427732,33.7553196141499,61.2841067616417,-121.332557289574,78.48,-30.1300570465353,-15.2184514529547,0,31.9014584313079,16.1131235858292,-3.96949851152055e-15,45.7848115552268
-192.818383037256,81.292869846961,8.60756780074788e-14,-23.3763655354676,-13.7086822773334,2.99244034208154e-15,8.79619234845395,-14.5392461057582,-4.92664599801897e-16,30.5000000000002,0.245747862195667,0.0558827464896794,35.6925012923866,33.830166703247,68.7630444192453,-117.256022967679,78.48,-29.1823106330674,-17.1135304740035,0,30.7888050014537,18.055584595617,-3.94131679841518e-15,45.8564833618994
-195.110554912491,79.8502351403342,8.63754331219657e-14,-22.452352224192,-15.1344699120391,3.00231192216133e-15,9.67841469684643,-13.9672654248622,1.28226986750756e-15,30.6000000000002,0.246157509566363,0.0559063511706805,35.6481542862876,33.9004077308497,75.9780525574214,-112.714980058472,78.48,-28.1103943649651,-18.9484398556714,0,29.5596593823151,19.9252965152461,-3.9526957751415e-15,45.9237445127545
-197.305972297186,78.2679732707187,8.66791047281462e-14,-21.4418710225413,-16.5003158007169,3.07077046060967e-15,10.5249527840505,-13.3407606550479,-5.0515900720672e-16,30.7000000000002,0.246542895084935,0.0559286072204779,35.6065997614815,33.9663287667581,82.8996709951943,-107.726393000455,78.48,-26.9185155013222,-20.7148500621312,0,28.2184667785321,21.7151578222036,-4.04127205765376e-15,45.9868689414835
-199.396172749534,76.5523474461302,8.69836700839748e-14,-20.3486676539369,-17.8008762047388,3.02067681430099e-15,11.3322837801047,-12.6619454518653,-4.96739646162501e-16,30.8000000000002,0.24690541584884,0.0559495865290543,35.5676568349427,34.0281978067592,89.4995626272748,-102.309136881935,78.48,-25.6114252849714,-22.4047571030854,0,26.7701328985345,23.4183303700979,-3.97391716930001e-15,46.0461132745293
-201.373085776856,74.7101437813102,8.72891647696112e-14,-19.1768329329477,-19.0310406804753,3.08887178465562e-15,12.0970313885477,-11.9332703462231,-5.07783062996669e-16,30.9000000000002,0.247246393216144,0.0559693577704237,35.5311569215324,34.0862659503977,95.7506377507677,-96.4839187135414,78.48,-24.1943935423572,-24.0105153538775,0,25.2200068999711,25.028271297634,-4.06226450397335e-15,46.1017179588919
-203.229066585382,72.7486468013711,8.75984634333536e-14,-17.9307873146536,-20.1859552366847,3.09724591344113e-15,12.8159816581568,-11.1574119724671,-5.08999179053951e-16,31.0000000000002,0.247567076345767,0.0559879864694749,35.4969428324755,34.1407684978689,101.627172619879,-90.2731908447311,78.48,-22.6731814967103,-25.5248685489721,0,23.5738621420851,26.5387636139667,-4.07199343243161e-15,46.1539083124866
-204.956928207256,70.6756126852301,8.79027208947559e-14,-16.6152639039397,-21.2610443648978,2.98803987284264e-15,13.486097963058,-10.3372613102497,-4.90907345639953e-16,31.1000000000002,0.247868645643183,0.0560055350785886,35.4648679469921,34.191925972051,107.104921763202,-83.7010569473198,78.48,-21.0540129126113,-26.9409788603497,0,21.8378748538739,27.9439453256717,-3.92725876511962e-15,46.2028955028192
-206.549971855037,68.4992403663611,8.82020202506913e-14,-15.2352900106812,-22.2520318472355,2.99808660842908e-15,14.1045350959738,-9.47591100183929,-4.92421698552272e-16,31.2000000000002,0.248152216104014,0.0560220630620287,35.4347954504276,34.2399450711994,112.16122362754,-76.7931710139184,78.48,-19.3435436937722,-28.2524539791834,0,20.0186008340221,29.2383369783874,-3.93937358841818e-15,46.2488774592623
-208.00201536279,66.2281406176393,8.84993804481467e-14,-13.7961673420921,-23.1549602524004,2.94925295151916e-15,14.6686524235882,-8.57664180923272,-4.84275481667494e-16,31.3000000000002,0.248418840549792,0.0560376269863587,35.4065976329034,34.2850195573682,116.77509914278,-69.5766298421673,78.48,-17.5488300593454,-29.4533721260798,0,18.1229503052712,30.4168674943853,-3.87420385333995e-15,46.2920397237876
-209.307419582258,63.8713032556504,8.87918977686096e-14,-12.3034509283965,-23.9662090371433,2.90122666292358e-15,15.1760260573272,-7.64290827789259,-4.76273770067338e-16,31.4000000000002,0.248669512751817,0.0560522806153591,35.3801552431058,34.3273310852207,120.927342833832,-62.0798594968515,78.48,-15.677295427274,-30.5383049221847,0,16.1581610520591,31.4748981958955,-3.8101901605387e-15,46.3325562446149
-210.461112612435,61.4380626077708,8.90796522319961e-14,-10.7629268824334,-24.6825111773031,2.85399345977767e-15,15.6244599972542,-6.67832367612005,-4.6841323376638e-16,31.5000000000002,0.248905170440407,0.0560660750081247,35.3553568923639,34.3670499755124,124.600606138246,-54.3324962612767,78.48,-13.7366961361244,-31.5023380605813,0,14.1317699759115,32.4082449128976,-3.74730587013104e-15,46.3705901168814
-211.458611751152,58.9380613925646,8.93627224463565e-14,-9.18058909781245,-25.3009682595122,2.80753938538412e-15,16.0119962112679,-5.68664428100603,-4.60690677807782e-16,31.6000000000002,0.249126698198046,0.0560790586192035,35.3320985046444,34.404335937194,127.779472621449,-46.365262606659,78.48,-11.7350861394744,-32.3410897246585,0,12.0515832081687,33.2131980832693,-3.68552542246225e-15,46.4062942741103
-212.296043067882,56.381213170579,8.96411856398328e-14,-7.56261499379067,-25.8190639718472,2.7618507961738e-15,16.3369236163357,-4.67175308357081,-4.5310303312533e-16,31.7000000000002,0.249334930235954,0.0560912773997994,35.3102828085135,34.4393387417712,130.45052481577,-38.2098387236868,78.48,-9.68078080925739,-33.0507267074958,0,9.92564492417287,33.8865407626161,-3.62482426500264e-15,46.4398121339619
-212.970158508011,53.7776635284239,8.99180540088962e-14,-5.91534041813943,-26.2346759390297,2.80525062984666e-15,16.597785933102,-3.63764298710585,-4.60136884475178e-16,31.8000000000002,0.249530653054434,0.0561027748992062,35.2898188674978,34.4721988532758,132.602402444278,-29.8987301738017,78.48,-7.58231998646766,-33.6279781937987,0,7.7622050070059,34.4255644707536,-3.68109507580143e-15,46.4712782014792
-213.478350450009,51.1377501640901,9.01992273789577e-14,-4.24523382190288,-26.5460858552505,2.8183466834482e-15,16.7933883898554,-2.58839957387213,-4.62203788810383e-16,31.9000000000002,0.249714607988111,0.0561135923657707,35.2706216456135,34.5030480169461,134.225851825896,-21.4651322290961,78.48,-5.44843041929881,-34.0701471735264,0,5.56968571224551,34.8280828116454,-3.69763031048307e-15,46.500818632794
-213.818663648523,48.4719620457764,9.04787637441437e-14,-2.55886982211854,-26.7519878752459,2.772507013151e-15,16.9228032565154,-1.52818351618533,-4.54611280958632e-16,32.0000000000002,0.249887493637726,0.0561237688467914,35.2526116051389,34.5320098094776,135.313766294236,-12.9427914789971,78.48,-3.28798773009931,-34.3751194640626,0,3.35664748798625,35.092442813577,-3.63689024766906e-15,46.5285517620345
-213.989804508018,45.7908978200492,9.07537538861185e-14,-0.862902270269147,-26.8514952318935,2.72742004710448e-15,16.9853741939947,-0.461212708529469,-2.22350609154404e-15,32.1000000000002,0.250049968190684,0.0561333412868653,35.2357143339747,34.5592001534902,135.861217498879,-4.36586528906953,78.48,-1.10997805346953,-34.5413703255938,0,1.13175410654814,35.2175339464276,-3.57719401715031e-15,46.5545885939667
-213.991147643518,43.1052236479516,9.10242965013439e-14,0.835963054535185,-26.8441450562787,2.7422809633702e-15,16.9807194089904,0.608255802312341,-4.4952052760774e-16,32.2000000000002,0.250202651632908,0.0561423446242778,35.2198602001852,34.5847277986609,135.865477494441,4.23122029768754,78.48,1.07654051162131,-34.5679686622501,0,-1.09626273413912,35.2027947830613,-3.59616422086192e-15,46.5790332647154
-213.822739696883,40.4256306496944,9.13021862662012e-14,2.53099600788598,-26.7299013838872,2.84476166590729e-15,16.9087336089542,1.67594401203899,-4.66256045759587e-16,32.3000000000002,0.250346127854901,0.0561508118851106,35.2049840315293,34.6086947717884,135.326031559498,12.8139136237863,78.48,3.26247649266983,-34.4545788095224,0,-3.31863918053422,35.0482172820481,-3.7300483660767e-15,46.6019834727361
-213.485300389077,37.7627921398144,9.15873045378594e-14,4.2154697778666,-26.509156338279,2.85724572361816e-15,16.7695887566612,2.73757120163382,-4.68242523797116e-16,32.4000000000002,0.250480946655134,0.0561587742748092,35.1910248179884,34.6311967978915,134.24458172421,21.3476808504309,78.48,5.43874353466075,-34.2014599164783,0,-5.52661520558113,34.754348679118,-3.74594019037692e-15,46.6235308820483
-212.980220800889,35.127320835163,9.18736613295833e-14,5.88268859842819,-26.1827294912699,2.86953259078844e-15,16.5637336284399,3.78887215174133,-4.70199891709861e-16,32.5000000000002,0.250607625644082,0.0561662612670094,35.1779254354784,34.6523236942892,132.625041022201,29.7981491683542,78.48,7.59629864920769,-33.8094629393287,0,-7.71147064388982,34.3222909849051,-3.76159913367889e-15,46.6437614995977
-212.309558886494,32.5297262178069,9.21582764727657e-14,7.52601535911211,-25.7518654062567,2.82289834361001e-15,16.2918921847159,4.82561525287441,-4.62506584205072e-16,32.6000000000002,0.250726652052343,0.0561733006894724,35.1656323890885,34.6721597394705,130.473518518712,38.1312491973081,78.48,9.72618008087623,-33.2800252709298,0,-9.86456112186159,33.753698096617,-3.70005267364058e-15,46.662756028477
-211.476032236164,29.980372233879,9.24353058454618e-14,9.13889899297237,-25.2182293788517,2.71830004317639e-15,15.955060766061,5.84362043667059,-4.45322258947974e-16,32.7000000000002,0.250838484446379,0.0561799188070226,35.1540955743387,34.6907840184319,127.798295203248,46.3133559909408,78.48,11.8195446513351,-32.6151630388166,0,-11.9773537260949,33.0507705412406,-3.56257807158379e-15,46.680590198613
-210.483008116135,27.4894355076334,9.27078577787939e-14,10.7149015260941,-24.5839013964101,2.7032578190285e-15,15.5545041323941,6.83877685463221,-4.42814296289492e-16,32.8000000000002,0.250943554355454,0.0561861404014191,35.143268055074,34.7082707460422,124.609790870611,54.311428071655,78.48,13.8677044440171,-31.8174611123194,0,-14.0414622554758,32.2162478777221,-3.54251437031594e-15,46.697335076413
-209.334490825232,25.0668642474288,9.29789179574906e-14,12.2477246740884,-23.8513683453216,2.71807015907392e-15,15.0917503673587,7.80706023225419,-4.45199460912475e-16,32.9000000000002,0.251042267813356,0.0561919888481224,35.1331058567344,34.7246895698834,120.92052214941,62.0931439300193,78.48,15.8621626944668,-30.8900608671954,0,-16.0486819050068,31.2533987952096,-3.5615956872998e-15,46.7130573547586
-208.035106419175,22.7223380171247,9.32514717456302e-14,13.7312358733615,-23.0235145020606,2.76224769216094e-15,14.5685846741726,8.74454982815794,-4.52396117712226e-16,33.0000000000002,0.251135006818496,0.0561974861899479,35.123567773844,34.7401058539168,116.745051871522,69.6270354353515,78.48,17.7946487545073,-29.8366457639772,0,-17.9910232326483,30.1660089538892,-3.61916894169781e-15,46.7278196246368
-206.590084864595,20.4652285424247,9.35254469007478e-14,15.1594936377925,-22.1036103509336,2.71737834661335e-15,13.9870420934042,9.64744492980727,-4.45011228756098e-16,33.1000000000002,0.251222130715927,0.0562026532076166,35.1146151906602,34.7545809442265,112.099930009679,76.882617618192,78.48,19.6571520017745,-28.6614248038705,0,-19.8607452642198,28.9583666241367,-3.56008983004879e-15,46.7416806296106
-205.005239695539,18.3045617170677,9.3797908198635e-14,16.5267721347065,-21.0952997781958,2.73197246335593e-15,13.3493991771637,10.5120808195746,1.32898981689273e-15,33.2000000000002,0.251303977504774,0.0562075094872357,35.1062119140112,34.7681724180097,107.003626442996,83.8305143014631,78.48,21.4419545700413,-27.3691139334969,0,-21.6503875957279,27.6352461886305,-3.57893618006017e-15,46.7546955042454
-203.286945255707,16.2489809684758,9.40718173778141e-14,17.8275848776683,-20.0025856987149,2.74633256784128e-15,12.6581646580853,11.3349441473469,-2.22604309358177e-15,33.3000000000002,0.251380865074515,0.0562120734847556,35.0983240174302,34.7809343169002,101.476455841925,90.442579075134,78.48,23.1416627800768,-25.9649154770381,0,-23.3528013573194,26.201889580679,-3.59749003345218e-15,46.766915997535
-201.442111619677,14.3067121365323,9.43442142954447e-14,19.0567074376545,-18.8298141776076,2.70173185375149e-15,11.9160691552159,12.1126876485039,1.33400332434099e-15,33.4000000000002,0.251453092373446,0.0562163625874631,35.0909196957643,34.7929173656389,95.5404949945726,96.6920111291107,78.48,24.7492371555565,-24.4544956813712,0,-24.961178908402,24.663985740292,-3.53882812047409e-15,46.7783906822945
-199.478157296044,12.4855300126232,9.46180607039983e-14,20.209199078547,-17.5816571152535,2.77532029256813e-15,11.1260539624939,12.8421441489563,1.32198343436507e-15,33.5000000000002,0.251520940512596,0.0562203931725811,35.0839691295063,34.804169177036,89.2194929255048,102.553465480772,78.48,26.2580209137368,-22.8439604665544,0,-26.4690821392906,23.0276481774332,-3.63498724028143e-15,46.7891651514274
-197.402979824521,10.7927266789435,9.49021667790325e-14,21.2804232276356,-16.2630935697687,2.90644372298821e-15,10.2912589688955,13.5203398019886,-4.75812614097999e-16,33.6000000000002,0.251584673808254,0.0562241806630533,35.077444358152,34.8147344441044,82.5387741859508,108.003157157005,78.48,27.6617668262325,-21.139829480501,0,-27.8704692610191,21.2993907394048,-3.80650091278399e-15,46.7992822019087
-195.224924387784,9.23508178039656,9.51934056636164e-14,22.2660666968829,-14.8793897963868,2.91797835695241e-15,9.41500976252459,14.1445065049063,-2.2540311909732e-15,33.7000000000002,0.251644540766152,0.0562277395805987,35.0713191619449,34.8246551201888,75.5251357206053,113.01895891568,78.48,28.9546623512553,-19.3490085628409,0,-29.1597199716638,19.4861016864111,-3.82139481258357e-15,46.8087820072713
-192.95275056695,7.81883485320968,9.54857885634774e-14,23.1621575760863,-13.4360780882241,2.98854041790389e-15,8.50080397392106,14.7120934469179,1.28715700853956e-15,33.8000000000002,0.251700775010273,0.0562310835961243,35.0655689514165,34.8339705878545,68.2067377409235,117.580492118127,78.48,30.1313529450898,-17.47876072878,0,-30.3316588946448,17.5950161859959,-3.9135986468855e-15,46.8177022793307
-190.595597377223,6.54965982570881,9.57881070965145e-14,23.9650817247402,-11.9389345075861,3.02787226438884e-15,7.55229691664873,15.2207777432881,-4.95613828296677e-16,33.9000000000002,0.251753596159102,0.0562342255775906,35.0601706641778,34.8427178172539,60.6129890578016,121.669210392272,78.48,31.1869634673536,-15.5366757892007,0,-31.3815771919655,15.6336873432337,-3.96491062637341e-15,46.8260784198326
-188.162946727246,5.43264179755893,9.60884297645332e-14,24.6715977953357,-10.3939556012774,3.03792730917773e-15,6.57328658578462,15.6684741145626,1.27912005271957e-15,34.0000000000002,0.251803210652073,0.0562371776354221,35.0551026684583,34.8509315146392,52.7744273477563,125.26847575554,78.48,32.1171176017194,-13.5306387282861,0,-32.3052522631988,13.6099558892467,-3.97789429344544e-15,46.8339436626653
-185.664585452124,4.47225619423123,9.63956227945555e-14,25.2788507270189,-8.80733419730911,3.10607195282083e-15,5.5676980772612,16.0533435735711,-5.08368484387027e-16,34.1000000000002,0.251849812528802,0.0562399511655616,35.050344672927,34.8586442616446,44.7225948460711,128.363626897319,78.48,32.9179552212114,-11.4687969645558,0,-33.098965449193,11.5319186558054,-4.06694787509621e-15,46.8413292072329
-183.11056607586,3.67235038353934,9.67037019999526e-14,25.7843836549273,-7.18543438391941,3.0556498730115e-15,4.53956749310098,16.3738010869557,-5.00095655065254e-16,34.2000000000002,0.251893584163641,0.0562425568902623,35.0458776423644,34.8658866459237,36.4899099777973,130.942039352579,78.48,33.5861476349332,-9.35952662536249,0,-33.7595176679227,9.40789596842938,-4.00076524052203e-15,46.848264343551
-180.514465876213,3.01896550532469,9.70068683399186e-14,26.1264971050628,-5.87935037240334,3.00780024211256e-15,3.08705945102745,13.1452786217875,-4.7480135113734e-16,34.3000000000002,0.214065618310324,0.0542210306149958,33.8190308355337,34.825431524814,23.7146166519227,105.383125647244,78.48,33.9757950622583,-7.6456543720557,0,-32.9939361059614,7.42475769911176,-3.79841080909872e-15,46.8095254740229
-177.88955713701,2.48411627400797,9.73082727332779e-14,26.3642432601053,-4.81597616633024,3.02040571375602e-15,2.15435652829141,10.6818633059763,-4.67178006217527e-16,34.4000000000002,0.187752295650962,0.0530868786446744,33.1627116081084,34.7611385097776,15.6624349449192,85.7420866278989,78.48,34.1953051155722,-6.24642766298207,0,-32.6228878341601,5.95924748289371,-3.73742404974021e-15,46.7479599996715
-175.24445872463,2.04583936660121,9.76050574597732e-14,26.5326933544259,-3.94859224120858,2.91585234493539e-15,1.53360154079404,8.70201777286008,-4.45631288598601e-16,34.5000000000002,0.168745573895344,0.0524064910174515,32.7973102029828,34.6851756292691,10.4015036765285,69.8939807632917,78.48,34.3073554856971,-5.10556245787425,0,-32.4400468358732,4.82772387746323,-3.5650503087888e-15,46.6752197374679
-172.5849541847,1.68609114793968,9.78974036608e-14,26.6539980939207,-3.24579602096205,2.90111809025695e-15,1.11116284003443,7.04472904785797,1.33617052305551e-15,34.6000000000002,0.154705840593817,0.0519786885229832,32.5926713552641,34.604216274011,6.89250229487335,56.6009394044244,78.48,34.3504651072377,-4.18298109665465,0,-32.3536646818356,3.93987407509398,-3.5214905307579e-15,46.5976949689245
-169.915004219084,1.38949399109583,9.81823981071456e-14,26.74273931956,-2.68580252603613,2.82847667689726e-15,0.819665090421161,5.6099850223475,-4.27291631251311e-16,34.7000000000002,0.144238465921814,0.0517010850608314,32.4823114200025,34.5221056859413,4.52773106103827,45.0836605816221,78.48,34.3493151211057,-3.44968573964067,0,-32.3197254587747,3.24590533679852,-3.41833305001049e-15,46.5190678070014
-167.237356784393,1.14252988549241,9.84631266784294e-14,26.8087473566033,-2.25327399415079,2.78619486105908e-15,0.616329567392038,4.33129799787192,-4.19818863332871e-16,34.8000000000002,0.136471380852033,0.0515179229659156,32.4298986436076,34.4411344818131,2.92646291529636,34.8187813851017,78.48,34.3201268256175,-2.88455179670396,0,-32.3159532017776,2.71615439457763,-3.35855090666297e-15,46.4415316922596
-164.553940325463,0.932987195599149,9.87425998103504e-14,26.8586757724109,-1.93745915394592,2.83297889090357e-15,0.472206809338794,3.16168829873639,-4.26267986436156e-16,34.9000000000002,0.130843611010505,0.0513973599671783,32.4146218560829,34.3626987591269,1.83462247755805,25.4336144940995,78.48,34.2736467478907,-2.47228732377587,0,-32.3306147507384,2.33217921956747,-3.41014389148925e-15,46.3664234947277
-161.866133965227,0.74955751279659,9.90267399924067e-14,26.8969142648516,-1.73106667141257,2.84947972990793e-15,0.366366833369034,2.06592144875127,1.34786209872974e-15,35.0000000000002,0.126992343649924,0.0513207387771975,32.4242516759482,34.2876667387941,1.07136350461427,16.6469993095641,78.48,34.2168781662433,-2.20212146510301,0,-32.3573070039053,2.08249374554914,-3.42795792536407e-15,46.2945746022668
-159.174966166136,0.581523340609154,9.93125178693563e-14,26.9261201332934,-1.62958211233375,2.86573365579532e-15,0.282501126599127,1.01586859231127,1.34541867842033e-15,35.1000000000002,0.124690202219249,0.051277220791953,32.4516508453492,34.2165963380033,0.49828374005527,8.23351636057989,78.48,34.1541080584871,-2.06697065461787,0,-32.3923827857493,1.96040303252811,-3.44750528783935e-15,46.226519263214
-156.481272630999,0.418499708167207,9.96057847307013e-14,26.9475092327854,-1.63087593082166,2.96965759244631e-15,0.206735026081356,-0.0125051060006314,-4.46779555835572e-16,35.2000000000002,0.123810357880462,0.0512610401058617,32.4929714797543,34.1498745889305,-9.21095376141156e-16,-1.52199566441869e-14,78.48,34.0875082108098,-2.06293926659394,0,-32.433628002159,1.96289841858891,-3.57423644668457e-15,46.1626280904497
-153.785510961561,0.2553509772149,9.99005272465344e-14,26.9674985250863,-1.63208503305944,2.92529898931661e-15,0.193202714206351,-0.0116861314421623,-4.40403628011227e-16,35.3000000000002,0.123626880775123,0.0512576973342669,32.5390729068913,34.0875194451445,0,0,78.48,34.025266993561,-2.0591716635567,0,-32.4796452799102,1.96568261201941,-3.52322902408982e-15,46.102918275888
-151.087816531424,0.0920853405530363,1.00193826264611e-13,26.9861791413411,-1.63321493433164,2.9403405146193e-15,0.180551717866876,-0.0109204943553487,-4.42947913502004e-16,35.4000000000002,0.123455784149514,0.0512545899008794,32.5821932372931,34.029246629103,0,0,78.48,33.9671006483896,-2.05565067229104,0,-32.5226869054546,1.96828671744825,-3.54358330801603e-15,46.0471176020612
-148.388315897851,-0.0712895425848204,1.00485656217776e-13,27.0036363408502,-1.63427079455471,2.92597061440321e-15,0.16872520966594,-0.0102047555074655,-4.41043431499159e-16,35.5000000000002,0.123296213734339,0.0512517003094577,32.6225219612403,33.9747901800927,0,0,78.48,33.9127437003201,-2.05236022611083,0,-32.5629420229926,1.97072218205111,-3.52834745199327e-15,45.9949713912649
-145.687127370236,-0.234766512128427,1.00778996968216e-13,27.0199498816128,-1.63525744070266,2.94095376629488e-15,0.157669953668124,-0.00953569302513593,-4.4354644899276e-16,35.6000000000002,0.123147376616013,0.0512490124811338,32.6602369456922,33.923901298343,0,0,78.48,33.8619478039774,-2.0492852950307,0,-32.6005881746324,1.97299975082961,-3.54837159194208e-15,45.9462413987088
-142.984361542642,-0.398338874941161,1.01073823600238e-13,27.0351943684906,-1.63617938787838,2.98529512143165e-15,0.14733608778159,-0.00891028922368914,-4.50465924093623e-16,35.7000000000002,0.123008536525063,0.0512465116253441,32.6955050923442,33.8763472589538,0,0,78.48,33.8144806594979,-2.04641182015499,0,-32.6357919572452,1.97512950636548,-3.60372739274898e-15,45.9007047725191
-140.280121792595,-0.562000374632817,1.01370111705516e-13,27.0494395802115,-1.63704085910421,2.97018183630576e-15,0.137676918103089,-0.00832571816058772,1.3279556455014e-15,35.8000000000002,0.122879009524111,0.051244184124179,32.7284829658108,33.831910391828,0,0,78.48,33.7701249943254,-2.04372665205458,0,-32.6687096495007,1.97712090676987,-3.58720955119083e-15,45.8581530769462
-137.574504748181,-0.725745163290392,1.01667837195652e-13,27.062750776386,-1.63784580390292,2.9548306842628e-15,0.128648724734249,-0.00777933388310609,-4.4628431685108e-16,35.9000000000002,0.122758160057059,0.0512420174285714,32.7593173922213,33.7903871239553,0,0,78.48,33.728677607244,-2.04121749291025,0,-32.69948780937,1.9789828218454,-3.57027453480864e-15,45.8183913752783
-134.867600725401,-0.889567775009332,1.01964060314759e-13,27.0751889856576,-1.63859791573683,2.96929279755237e-15,0.120210578572733,-0.00726865934023141,1.32769977667569e-15,36.0000000000002,0.122645397325256,0.0512399999649484,32.788146028706,33.7515870805454,0,0,78.48,33.6899484711528,-2.03887284221127,0,-32.728263842571,1.98072356748942,-3.58925650179646e-15,45.7812373691077
-132.159494137606,-1.05346310111432,1.02264633885359e-13,27.0868112760604,-1.63930064837016,3.0422912385523e-15,0.112324168582504,-0.00679137592882739,-4.59867512523966e-16,36.1000000000002,0.122540171960151,0.0512381210511496,32.8150979043988,33.7153322416651,0,0,78.48,33.6537598912438,-2.03668194580729,0,-32.7551665425837,1.98235093837667,-3.67894010019173e-15,45.7465205907464
-129.450263878739,-1.21742636696504,1.02566574930784e-13,27.0976710086078,-1.6399572312164,2.99664190659069e-15,0.104953639051796,-0.0063453136442192,-4.53133363438296e-16,36.2000000000002,0.122441972965151,0.0512363708205689,32.8402939337045,33.6814561511862,0,0,78.48,33.6199457153938,-2.03463474812006,0,-32.7803166029794,1.98387223896631,-3.62506690750637e-15,45.7140816457331
-126.739983682025,-1.38145311024841,1.02863984571353e-13,27.1078180750856,-1.64057068372981,2.95166171732843e-15,0.0980654363549318,-0.00592844180600713,1.32987217410325e-15,36.3000000000002,0.122350324902269,0.051234740153604,32.8638474026665,33.6498031750054,0,0,78.48,33.5883505937398,-2.03272184733199,0,-32.8038271029003,1.98529431288393,-3.57187732237597e-15,45.6837715025223
-124.028722455622,-1.54553916066453,1.03159867662699e-13,27.1172991209768,-1.64114382889698,2.96610947261258e-15,0.091628164744276,-0.0055388603304079,1.32754311510071e-15,36.4000000000002,0.122264785301672,0.0512332206156154,32.8858644293429,33.6202278056446,0,0,78.48,33.5588292845493,-2.03093445337662,0,-32.8258039665951,1.98662357073336,-3.5905097943963e-15,45.6554508265859
-121.316544596696,-1.70968062091898,1.03454223359401e-13,27.1261577543979,-1.64167930588187,2.89195675072079e-15,0.0856124507108884,-0.00517479152116471,-2.21408107435339e-15,36.5000000000002,0.122184942274434,0.0512318044006921,32.9064443991442,33.5925940104885,0,0,78.48,33.5312460036479,-2.02926434856514,0,-32.8463463979608,1.98786601639582,-3.50179387962512e-15,45.628989356301
-118.603510285258,-1.87387384893947,1.03741241039418e-13,27.1344347418811,-1.64217958187467,2.87811381563067e-15,0.0799908154660445,-0.00483457235198392,-4.35750673528471e-16,36.6000000000003,0.122110412310815,0.0512304842806054,32.9256803761183,33.5667746210555,0,0,78.48,33.5054738148056,-2.02770385069195,0,-32.8655472910772,1.98902727187608,-3.48600538822777e-15,45.6042653181297
-115.889675759055,-2.03811544123951,1.04026884431027e-13,27.1421681917924,-1.64264696319241,2.83486129248297e-15,0.0747375551107723,-0.00451664721422421,-4.29314188165688e-16,36.7000000000003,0.122040838248085,0.0512292535584093,32.9436594911873,33.5426507608363,0,0,78.48,33.481394058621,-2.02624577846996,0,-32.8834936177348,1.99011260075617,-3.4345135053255e-15,45.5811648787314
-113.175093570702,-2.20240221735666,1.04314133377882e-13,27.1493937261333,-1.64308360567658,2.90977841543333e-15,0.0698286280762916,-0.00421956110467711,1.33558969399979e-15,36.8000000000003,0.121975887393503,0.0512281060262059,32.9604633083471,33.5201113093694,0,0,78.48,33.4588958175751,-2.02488341915525,0,-32.9002667929648,1.99112693031783,-3.52613716320366e-15,45.5595816317738
-110.459812828183,-2.36673120529718,1.04608817234578e-13,27.1561446414344,-1.64349152443043,2.95395298338098e-15,0.0652415494344671,-0.00394195322910837,-4.47560530808576e-16,36.9000000000003,0.121915249789426,0.0512270359266517,32.9761681698357,33.4990524003463,0,0,78.48,33.4378754150531,-2.0236104982273,0,-32.9159430195773,1.99207487239443,-3.58048424646861e-15,45.5394161173303
-107.743879419788,-2.5310996279231,1.04904923993746e-13,27.1624520594062,-1.64387260293652,2.96829621569838e-15,0.0609552916941078,-0.00368255099831621,1.32652743801048e-15,37.0000000000003,0.121858636608742,0.0512260379178306,32.9908455212681,33.4793769516643,0,0,78.48,33.4182359462557,-2.02242115099914,0,-32.9305936127029,1.99296074301261,-3.59863521111813e-15,45.5205753718698
-105.027336224461,-2.69550489022161,1.0520245396633e-13,27.1683450679793,-1.64422860159257,2.95280856658223e-15,0.0569501917155417,-0.00344016439452902,1.32878555917479e-15,37.1000000000003,0.121805778669957,0.051225107041159,33.0045622177178,33.4609942254621,0,0,78.48,33.3998868390386,-2.02130989603913,0,-32.9442853053142,1.9937885808829,-3.58057024180369e-15,45.5029725069572
-102.310223308503,-2.85994456740051,1.05498423976681e-13,27.1738508533268,-1.64456116570149,2.96715471391228e-15,0.0532078633927791,-0.00321368068681957,-4.49829311072206e-16,37.2000000000003,0.121756425062211,0.0512242386920287,33.0173808117016,33.4438194162842,0,0,78.48,33.3827434428281,-2.02027161029167,0,-32.9570805356858,1.99456216479712,-3.59863448857765e-15,45.4865263148891
-99.5925781095083,-3.02441639375676,1.05792901493609e-13,27.1789948234295,-1.64487183294968,2.9521131041396e-15,0.0497111157689458,-0.00300205947537735,1.32873023975199e-15,37.3000000000003,0.121710341871394,0.0512234285929226,33.029359824002,33.4277732656275,0,0,78.48,33.3667266438724,-2.01930150579192,0,-32.9690377177208,1.9952850299889,-3.58101279718612e-15,45.4711608995925
-96.8744356083293,-3.18891825226863,1.06088824136235e-13,27.1838007237111,-1.64516204040529,2.93684486388898e-15,0.0464438762670962,-0.00280432804535524,1.33097318185159e-15,37.4000000000003,0.121667310999345,0.0512226727687696,33.0405539982277,33.4127817012248,0,0,78.48,33.3517625051842,-2.01839510787477,0,-32.9802114950474,1.99596048351192,-3.56306926038926e-15,45.4568053312124
-94.1558284898684,-3.35344816486489,1.0638912985849e-13,27.1882907452396,-1.64543313106663,3.03932858731957e-15,0.0433911187343607,-0.00261957701203905,-4.60995487245124e-16,37.5000000000003,0.121627129068785,0.0512219675243292,33.0510145399876,33.3987754995191,0,0,78.48,33.3377819296305,-2.01754823478483,0,-32.9906529797556,1.99659161868851,-3.68796389796099e-15,45.4433933229035
-91.4367872930669,-3.51800428334734,1.06690769240075e-13,27.1924856357204,-1.64568636057954,2.99357364177183e-15,0.0405389902920712,-0.002446967997423,-4.54119746834754e-16,37.6000000000003,0.121589606320032,0.051221309421888,33.060789364259,33.3856915496889,0,0,78.48,33.3247219216501,-2.01675707403267,0,-33.0004099993135,1.99718133005328,-3.63295797467803e-15,45.4307945111918
-88.7173405504865,-3.68258488094333,1.06987867342973e-13,27.1964047834802,-1.64592290232012,2.94850138921868e-15,0.0378741446018314,-0.00228569328041064,1.32901537173337e-15,37.7000000000003,0.121554565763993,0.0512206952638473,33.0699232812981,33.3734676959284,0,0,78.48,33.3125204389533,-2.01601787082742,0,-33.0095272821386,1.99773232458413,-3.57873174133508e-15,45.4190221278233
-85.9975149207986,-3.84718834428751,1.07283430255663e-13,27.2000662958237,-1.64614385213697,2.93326225629078e-15,0.0353843040331565,-0.00213500981815451,1.33127249242289e-15,37.8000000000003,0.121521842397857,0.0512201220767474,33.0784581706938,33.3620474170712,0,0,78.48,33.3011210635989,-2.01532721076223,0,-33.0180466313336,1.99824713221699,-3.56067477581886e-15,45.408023640479
-83.2773353119566,-4.01181316596744,1.07580441083802e-13,27.2034870932509,-1.64635023405321,2.9770099253738e-15,0.0330579974797613,-0.00199422337895963,-4.51774577205864e-16,37.9000000000003,0.121491282290026,0.0512195870932959,33.0864331935023,33.3513779374173,0,0,78.48,33.2904711162717,-2.01468190569262,0,-33.0260071364336,1.99872811866094,-3.61419661764691e-15,45.3977482226534
-80.5568249959503,-4.17645793757862,1.07878855099766e-13,27.2066829870261,-1.64654300496099,3.0205396203639e-15,0.0308845029599247,-0.00186268506845585,-4.58429784129489e-16,38.0000000000003,0.121462741823593,0.0512190877374366,33.0938849665687,33.3414099410171,0,0,78.48,33.2805213710884,-2.01407897647666,0,-33.033445347409,1.99917749592901,-3.66743827303591e-15,45.3881483798101
-77.8360057160661,-4.34112134323314,1.08178628387633e-13,27.2096687516344,-1.6467230590066,3.00464641950572e-15,0.0288537990485294,-0.00173978839019695,-4.56063553900983e-16,38.1000000000003,0.121436086993868,0.0512186216105895,33.1008477257839,33.3320973456741,0,0,78.48,33.2712258300126,-2.01351563932226,0,-33.0403954376243,1.99959733220068,-3.64850843120786e-15,45.3791797317321
-75.1148977871388,-4.50580215349241,1.08479762258369e-13,27.21245819254,-1.64689123169122,3.01814821188824e-15,0.0269565194126482,-0.00162496649414132,1.31820082996153e-15,38.2000000000003,0.121411192755168,0.0512181864789478,33.1073534791274,33.3233970916069,0,0,78.48,33.2625415119035,-2.01298929302035,0,-33.0468893566023,1.99998956106722,-3.66524807550978e-15,45.370800808989
-72.3935201892509,-4.67049921969653,1.08779297950015e-13,27.2150642095439,-1.64704830370533,2.97267656837549e-15,0.0251839102581837,-0.00151768960127602,1.32506380756495e-15,38.3000000000003,0.121387942413252,0.0512177802617435,33.1134321501014,33.3152689438334,0,0,78.48,33.2544282552601,-2.01249750700678,0,-33.0529569731946,2.00035599019657,-3.61034425468238e-15,45.3629728626194
-69.6718906553033,-4.83521146866446,1.09083157462098e-13,27.2174988560243,-1.64719500451399,3.04496839288042e-15,0.0235277905062352,-0.00141746259348152,-4.62305851711327e-16,38.4000000000003,0.121366227060042,0.0512174010204007,33.1191117121281,33.3076753073961,0,0,78.48,33.2468485337848,-2.01203801020026,0,-33.058626209735,2.00069830945241,-3.69844681369062e-15,45.3556596861815
-66.9500257528572,-4.999937897741,1.0938831496144e-13,27.2197733943248,-1.64733201570892,3.0874535357581e-15,0.0219805145285408,-0.00132382275824555,-4.68792139685295e-16,38.5000000000003,0.121345945047562,0.0512170469485019,33.124418314456,33.3005810546065,0,0,78.48,33.239767283943,-2.0116086805661,0,-33.0639231677147,2.00101809850014,-3.75033711748236e-15,45.3488274493772
-64.2279409606194,-5.16467757016788,1.09697666233856e-13,27.2218983475362,-1.64745997414237,3.09969251871947e-15,0.0205349372813499,-0.00123633767854497,1.30567265624183e-15,38.6000000000003,0.121327001498241,0.0512167163625026,33.1293764000875,33.2939533635336,0,0,78.48,33.2331517437462,-2.0112075353593,0,-33.0688722454954,2.00131683393094,-3.76547346526733e-15,45.3424445425062
-61.5056507399198,-5.32942961075796,1.10008232165478e-13,27.2238835479065,-1.64757947485686,3.11174379832647e-15,0.0191843816867872,-0.00115460325874239,-4.72545764178327e-16,38.7000000000003,0.121309307848979,0.0512164076931323,33.134008816215,33.2877615670129,0,0,78.48,33.2269713020374,-2.01083272200322,0,-33.0734962485431,2.00159589593328,-3.78036611342662e-15,45.3364814310512
-58.7831686015079,-5.49419320185275,1.10322954390788e-13,27.2257381820943,-1.64769107382399,3.21197866657705e-15,0.0179226081196928,-0.00107824187792788,1.2885590421435e-15,38.8000000000003,0.121292781426543,0.0512161194774272,33.1383369176238,33.2819770114977,0,0,78.48,33.2211973575999,-2.01048250956286,0,-33.0778164926423,2.00185657453944,-3.90238237805404e-15,45.3309105197432
-56.0605071679723,-5.65896757954472,1.10644663804452e-13,27.2274708334713,-1.64779529050455,3.2223316545768e-15,0.0167437858666748,-0.00100690066258352,1.28695818002147e-15,38.9000000000003,0.121277345052067,0.0512158503513457,33.1423806634949,33.2765729251167,0,0,78.48,33.2158031874556,-2.01015528077414,0,-33.0818529005222,2.00210007547347,-3.91518927503026e-15,45.3257060254913
-53.3376782320706,-5.82375203014728,1.10967400555433e-13,27.2290895216643,-1.6478926102416,3.20291990399843e-15,0.0156424664320349,-0.000940249871052456,1.28987985007082e-15,39.0000000000003,0.12126292667259,0.0512155990429187,33.1461587080166,33.2715242943421,0,0,78.48,33.2107638237588,-2.00984952459345,0,-33.0856240923025,2.00232752562504,-3.89181591463542e-15,45.3208438586059
-50.6146928112346,-5.98854588689605,1.11282311963398e-13,27.2306017395139,-1.64798348649725,3.09587632428915e-15,0.0146135585731155,-0.000877981382688076,-4.70242584169007e-16,39.1000000000003,0.12124945901773,0.0512153643658947,33.1496884851889,33.2668077487112,0,0,78.48,33.2060559387282,-2.00956382923393,0,-33.0891474701432,2.00253997817243,-3.76194067335205e-15,45.3163015117789
-47.8915611985025,-6.1533485268665,1.11592498314129e-13,27.2320144876204,-1.64806834294336,3.10797188823548e-15,0.0136523049545856,-0.000819807284922203,1.30425455012415e-15,39.2000000000003,0.121236879279707,0.0512151452138418,33.1529862881836,33.2624014530793,0,0,78.48,33.2016577370964,-2.00929687565615,0,-33.0924392974597,2.00273841737677,-3.77681831420879e-15,45.3120579563152
-45.1682930101106,-6.31815936809375,1.1190976135916e-13,27.2333343066301,-1.64814757541552,3.20780814867519e-15,0.0127542603182826,-0.000765458552123233,1.28906771067005e-15,39.3000000000003,0.121225128815109,0.0512149405546693,33.156067343601,33.2582850069156,0,0,78.48,33.1975488555898,-2.00904743148483,0,-33.0955147730435,2.00292376306784,-3.89831302984163e-15,45.3080935451479
-42.4448972299622,-6.48297786688124,1.12231056263008e-13,27.2345673074114,-1.64822155373927,3.18860606637304e-15,0.0119152710714543,-0.000714683810251637,-2.26074915548183e-15,39.4000000000003,0.121214152866856,0.0512147494255407,33.158945880943,33.2544393501833,0,0,78.48,33.1937102689808,-2.00881434532299,0,-33.0983881004092,2.00309687484097,-3.87513852865267e-15,45.3043899221953
-39.7213822511801,-6.64780351528606,1.12550467518214e-13,27.2357191992562,-1.64829062343692,3.25850601498094e-15,0.011131456202345,-0.00066724818188435,-4.95030272682023e-16,39.5000000000003,0.121203900304979,0.0512145709281447,33.1616351976066,33.2508466753785,0,0,78.48,33.1901242022872,-2.00859654143838,0,-33.1010725526685,2.0032585559833,-3.96024218145619e-15,45.3009299376479
-36.9977559149313,-6.81263583876926,1.12876816019525e-13,27.2367953162361,-1.64835510732256,3.26813832698465e-15,0.0103991894378543,-0.000622932206364835,1.27984523145914e-15,39.6000000000003,0.121194323384896,0.0512144042243002,33.1641477196778,33.2474903453243,0,0,78.48,33.1867740487162,-2.00839301479726,0,-33.1035805332134,2.00340955714634,-3.97209286352887e-15,45.297697568799
-34.2740255467034,-6.97747439400041,1.13201159961168e-13,27.2378006418325,-1.64841530699272,3.18925561469198e-15,0.00971508256325215,-0.000581530830319421,-4.84543769763301e-16,39.7000000000003,0.121185377521985,0.0512142485318699,33.1664950587951,33.2443548163477,0,0,78.48,33.1836442929821,-2.00820282642366,0,-33.1059236324761,2.00355057978111,-3.87635015810641e-15,45.2946778460586
-31.5501979902003,-7.1423187668063,1.1351767500096e-13,27.2387398319546,-1.64847150421938,3.14116670093293e-15,0.00907596982897285,-0.000542852463955801,1.29910412081849e-15,39.8000000000003,0.121177021081335,0.0512141031209585,33.1686880653308,33.2414255664872,0,0,78.48,33.1807204396445,-2.00802509906243,0,-33.1081126810127,2.00368227935078,-3.81802174865407e-15,45.2918567838129
-28.826279639011,-7.30716857025425,1.13832355697517e-13,27.2396172364482,-1.6485239622517,3.12296096811475e-15,0.00847889337440044,-0.000506718098903236,1.30185618123526e-15,39.9000000000003,0.121169215181616,0.0512139673103766,33.1707368781254,33.2386890284039,0,0,78.48,33.1779889461423,-2.00785901312642,0,-33.1101577991471,2.00380526833519,-3.79600526531992e-15,45.2892213158131
-26.1022764662004,-7.47202344286142,1.14148190107805e-13,27.2404369191962,-1.64857292703251,3.1637904605131e-15,0.00792108960277815,-0.000472960483614671,-4.80717538506334e-16,40.0000000000003,0.121161923512124,0.0512138404643487,33.1726509709949,33.2361325266888,0,0,78.48,33.1754371602154,-2.00770380290923,0,-33.1120684433932,2.00392011904031,-3.84574030805067e-15,45.2867592347983
-23.3781940519553,-7.63688304692159,1.14465138267532e-13,27.2412026769008,-1.64861862833501,3.17484349578027e-15,0.00739997644572288,-0.000441423352608827,1.29394741950217e-15,40.1000000000003,0.121155112162085,0.0512137219894506,33.1744391962181,33.2337442192797,0,0,78.48,33.1730532614286,-2.00755875304618,0,-33.1138534498628,2.0040273662253,-3.85927535918463e-15,45.2844591360755
-20.6540376094152,-7.80174706694193,1.14786099095258e-13,27.2419180566347,-1.6486612808249,3.24449750818038e-15,0.00691314145971234,-0.000411960706077963,1.28335178838805e-15,40.2000000000003,0.121148749461387,0.0512136113317558,33.1761098251967,33.2315130427194,0,0,78.48,33.1708262065293,-2.00742319520745,0,-33.1155210748516,2.00412750955883,-3.9440404080976e-15,45.2823103648005
-17.929812008806,-7.96661520818244,1.15116933208252e-13,27.2425863722406,-1.64870108505299,3.37186200007125e-15,0.0064583307005206,-0.000384436136562027,-5.12369763732256e-16,40.3000000000003,0.121142805831963,0.0512135079741801,33.1776705864707,33.2294286610028,0,0,78.48,33.1687456783892,-2.00729650500801,0,-33.117079032785,2.00422101591551,-4.09895810985805e-15,45.2803029667135
-15.205521799988,-8.13148719529134,1.15451570468245e-13,27.2432107196559,-1.64873822838253,3.35061775461196e-15,0.00603343832513659,-0.000358722199658212,-5.09152312068334e-16,40.4000000000003,0.12113725364911,0.0512134114340069,33.1791287012587,33.2274814177813,0,0,78.48,33.1668020382944,-2.00717809912022,0,-33.1185345316933,2.00430832152295,-4.07321849654667e-15,45.2784276421093
-12.4811712335225,-8.29636277103017,1.15784099311338e-13,27.243793991231,-1.64877288585584,3.30008692131715e-15,0.00563649687386647,-0.000334699825880469,-5.01483613438066e-16,40.5000000000003,0.121132067112054,0.051213321260582,33.1804909166824,33.2256622917012,0,0,78.48,33.1649862813671,-2.00706743257586,0,-33.1198943063761,2.00438983396881,-4.01186890750453e-15,45.2766757028248
-9.75676428035401,-8.4612416950826,1.16114551322519e-13,27.2443388891085,-1.64880522100396,3.30908262269627e-15,0.00526566818835494,-0.000312257771027447,1.27349700294529e-15,40.6000000000003,0.12112722212315,0.0512132370331661,33.1817635368254,33.2239628546742,0,0,78.48,33.1632899949107,-2.00696399624528,0,-33.1211646494039,2.00446593407706,-4.02287869163966e-15,45.2750390320511
-7.03230465019877,-8.62612374294156,1.16445896229172e-13,27.2448479377245,-1.64883538660326,3.28833579676072e-15,0.00491923492417889,-0.000291292102533147,-4.99715644230804e-16,40.7000000000003,0.121122696175132,0.0512131583589332,33.1829524517659,33.2223752328864,0,0,78.48,33.1617053194911,-2.0068673144821,0,-33.1223514400977,2.00453697766184,-3.99772515384644e-15,45.2735100467821
-4.30779580872483,-8.79100870486956,1.16772243825773e-13,27.2453234954885,-1.64886352538228,3.26834756416105e-15,0.00459559261922937,-0.000271705719425475,-4.96686066080375e-16,40.8000000000003,0.121118468245867,0.0512130848711044,33.184063164714,33.2208920703666,0,0,78.48,33.1602249125712,-2.00677694292221,0,-33.1234601716173,2.00460329716681,-3.973488528643e-15,45.2720816627288
